Protocollo;Gruppo;DataOraIncidente;Localizzazione1;STRADA1;Localizzazione2;STRADA2;Strada02;Chilometrica;DaSpecificare;NaturaIncidente;particolaritastrade;TipoStrada;FondoStradale;Pavimentazione;Segnaletica;CondizioneAtmosferica;Traffico;Visibilita;Illuminazione;NUM_FERITI;NUM_RISERVATA;NUM_MORTI;NUM_ILLESI;Longitudine;Latitudine;Confermato;Progressivo;TipoVeicolo;StatoVeicolo;TipoPersona;Sesso;Tipolesione;Deceduto;DecedutoDopo;CinturaCascoUtilizzato;Airbag
2763227;12;06/04/2016 18:30;Provinciale entro l'abitato;VIA DEL MARE;da specificare;;;;altezza km. 10,000 (Dir. Ostia);Tamponamento Multiplo;Rettilineo;Una carreggiata a doppio senso;Asciutto;Asfaltata;Verticale ed orizzontale;Sereno;Intenso;Buona;Ore Diurne;0;0;0;3;12.45355;41.83282;-1;1;Autovettura privata;In marcia / fermata / arresto;Conducente;M;Illeso;0;;Non accertato;Inesploso
2763227;12;06/04/2016 18:30;Provinciale entro l'abitato;VIA DEL MARE;da specificare;;;;altezza km. 10,000 (Dir. Ostia);Tamponamento Multiplo;Rettilineo;Una carreggiata a doppio senso;Asciutto;Asfaltata;Verticale ed orizzontale;Sereno;Intenso;Buona;Ore Diurne;0;0;0;3;12.45355;41.83282;-1;2;Autovettura privata;In marcia / fermata / arresto;Conducente;F;Illeso;0;;Non accertato;Inesploso
2763227;12;06/04/2016 18:30;Provinciale entro l'abitato;VIA DEL MARE;da specificare;;;;altezza km. 10,000 (Dir. Ostia);Tamponamento Multiplo;Rettilineo;Una carreggiata a doppio senso;Asciutto;Asfaltata;Verticale ed orizzontale;Sereno;Intenso;Buona;Ore Diurne;0;0;0;3;12.45355;41.83282;-1;3;Autovettura privata;In marcia / fermata / arresto;Conducente;M;Illeso;0;;Non accertato;Inesploso
2763306;13;06/04/2016 08:30;Strada Urbana;VIALE DEI ROMAGNOLI;all'intersezione con;VIA ARTURO EVANS;VIA ARTURO EVANS;;;Scontro frontale/laterale DX fra veicoli in marcia;Intersezione stradale segnalata;Una carreggiata a doppio senso;Asciutto;Asfaltata;Verticale ed orizzontale;Sereno;Intenso;Buona;Ore Diurne;0;0;0;4;12.30464;41.76135;-1;1;Autovettura privata;In marcia / fermata / arresto;Conducente;F;Illeso;0;;Non accertato;Inesploso
2763306;13;06/04/2016 08:30;Strada Urbana;VIALE DEI ROMAGNOLI;all'intersezione con;VIA ARTURO EVANS;VIA ARTURO EVANS;;;Scontro frontale/laterale DX fra veicoli in marcia;Intersezione stradale segnalata;Una carreggiata a doppio senso;Asciutto;Asfaltata;Verticale ed orizzontale;Sereno;Intenso;Buona;Ore Diurne;0;0;0;4;12.30464;41.76135;-1;2;Motociclo a solo;In marcia / fermata / arresto;Conducente;M;Illeso;0;;Utilizzato;
2763306;13;06/04/2016 08:30;Strada Urbana;VIALE DEI ROMAGNOLI;all'intersezione con;VIA ARTURO EVANS;VIA ARTURO EVANS;;;Scontro frontale/laterale DX fra veicoli in marcia;Intersezione stradale segnalata;Una carreggiata a doppio senso;Asciutto;Asfaltata;Verticale ed orizzontale;Sereno;Intenso;Buona;Ore Diurne;0;0;0;4;12.30464;41.76135;-1;3;Autovettura privata;In marcia / fermata / arresto;Conducente;F;Illeso;0;;Non accertato;Inesploso
2763306;13;06/04/2016 08:30;Strada Urbana;VIALE DEI ROMAGNOLI;all'intersezione con;VIA ARTURO EVANS;VIA ARTURO EVANS;;;Scontro frontale/laterale DX fra veicoli in marcia;Intersezione stradale segnalata;Una carreggiata a doppio senso;Asciutto;Asfaltata;Verticale ed orizzontale;Sereno;Intenso;Buona;Ore Diurne;0;0;0;4;12.30464;41.76135;-1;3;Autovettura privata;In marcia / fermata / arresto;Passeggero;F;Illeso;0;;Non accertato;Inesploso
2763432;15;06/04/2016 15:00;Comunale extraurbana;VIA DELLA MAGLIANA;in corrispondenza;;del civico n.;1090;;Scontro frontale/laterale SX fra veicoli in marcia;Rettilineo;Una carreggiata a doppio senso;Asciutto;Asfaltata;Verticale;Sereno;Normale;Buona;Ore Diurne;0;0;0;2;12.38434;41.81889;-1;1;Autovettura privata;In marcia / fermata / arresto;Conducente;M;Illeso;0;;Utilizzato;
2763432;15;06/04/2016 15:00;Comunale extraurbana;VIA DELLA MAGLIANA;in corrispondenza;;del civico n.;1090;;Scontro frontale/laterale SX fra veicoli in marcia;Rettilineo;Una carreggiata a doppio senso;Asciutto;Asfaltata;Verticale;Sereno;Normale;Buona;Ore Diurne;0;0;0;2;12.38434;41.81889;-1;2;Autovettura privata;In marcia / fermata / arresto;Conducente;F;Illeso;0;;Utilizzato;
2763433;5;06/04/2016 11:40;Strada Urbana;RACCORDO A 24;da specificare;;;;rampa discesa uscita 'Settecamini';Scontro frontale fra veicoli in marcia;Curva senza visuale libera;Più di due carreggiate;Asciutto;Asfaltata;Verticale ed orizzontale;Sereno;Normale;Buona;Ore Diurne;0;0;0;2;12.64078;41.92471;-1;1;Autovettura privata;In marcia / fermata / arresto;Conducente;M;Illeso;0;;Non accertato;
2763433;5;06/04/2016 11:40;Strada Urbana;RACCORDO A 24;da specificare;;;;rampa discesa uscita 'Settecamini';Scontro frontale fra veicoli in marcia;Curva senza visuale libera;Più di due carreggiate;Asciutto;Asfaltata;Verticale ed orizzontale;Sereno;Normale;Buona;Ore Diurne;0;0;0;2;12.64078;41.92471;-1;2;Autocarro inferiore 35 q.;In marcia / fermata / arresto;Conducente;M;Illeso;0;;Non accertato;
2763434;15;06/04/2016 14:45;Strada Urbana;VIA DI MONTE CUCCO;all'intersezione con;VIA SARZANA;VIA SARZANA;;;Tamponamento;Incrocio;Una carreggiata a doppio senso;Asciutto;Asfaltata;Verticale ed orizzontale;Sereno;Normale;Buona;Ore Diurne;0;0;0;2;12.43917;41.84309;-1;1;Autovettura privata;In marcia / fermata / arresto;Conducente;F;Illeso;0;;Utilizzato;Inesploso
2763434;15;06/04/2016 14:45;Strada Urbana;VIA DI MONTE CUCCO;all'intersezione con;VIA SARZANA;VIA SARZANA;;;Tamponamento;Incrocio;Una carreggiata a doppio senso;Asciutto;Asfaltata;Verticale ed orizzontale;Sereno;Normale;Buona;Ore Diurne;0;0;0;2;12.43917;41.84309;-1;2;Autocarro inferiore 35 q.;In marcia / fermata / arresto;Conducente;M;Illeso;0;;Utilizzato;Inesploso
2763435;11;06/04/2016 20:40;Strada Urbana;VIA GIACINTO GIGANTE;all'intersezione con;VIA LORENZO BONINCONTRI;VIA LORENZO BONINCONTRI;;;Scontro frontale/laterale DX fra veicoli in marcia;Incrocio;Una carreggiata a doppio senso;Asciutto;Asfaltata;Verticale ed orizzontale;Sereno;Scarso;Sufficiente;Sufficiente;0;0;0;2;12.50916;41.85484;-1;1;Autovettura privata;In marcia / fermata / arresto;Conducente;M;Illeso;0;;Non accertato;
2763435;11;06/04/2016 20:40;Strada Urbana;VIA GIACINTO GIGANTE;all'intersezione con;VIA LORENZO BONINCONTRI;VIA LORENZO BONINCONTRI;;;Scontro frontale/laterale DX fra veicoli in marcia;Incrocio;Una carreggiata a doppio senso;Asciutto;Asfaltata;Verticale ed orizzontale;Sereno;Scarso;Sufficiente;Sufficiente;0;0;0;2;12.50916;41.85484;-1;2;Autovettura privata;In marcia / fermata / arresto;Conducente;M;Illeso;0;;Non accertato;
2763437;5;06/04/2016 17:00;Strada Urbana;VIA FILIPPO MEDA;in prossimità;;del civico n.;35;;Veicolo in marcia contro veicolo fermo;Rettilineo;Due carreggiate;Asciutto;Asfaltata;Verticale ed orizzontale;Sereno;Normale;Buona;Ore Diurne;0;0;0;3;12.54153;41.9128;-1;1;Autovettura privata;In marcia / fermata / arresto;Conducente;M;Illeso;0;;Non accertato;Inesistente
2763437;5;06/04/2016 17:00;Strada Urbana;VIA FILIPPO MEDA;in prossimità;;del civico n.;35;;Veicolo in marcia contro veicolo fermo;Rettilineo;Due carreggiate;Asciutto;Asfaltata;Verticale ed orizzontale;Sereno;Normale;Buona;Ore Diurne;0;0;0;3;12.54153;41.9128;-1;1;Autovettura privata;In marcia / fermata / arresto;Passeggero;F;Illeso;0;;Non accertato;Inesistente
2763437;5;06/04/2016 17:00;Strada Urbana;VIA FILIPPO MEDA;in prossimità;;del civico n.;35;;Veicolo in marcia contro veicolo fermo;Rettilineo;Due carreggiate;Asciutto;Asfaltata;Verticale ed orizzontale;Sereno;Normale;Buona;Ore Diurne;0;0;0;3;12.54153;41.9128;-1;1;Autovettura privata;In marcia / fermata / arresto;Passeggero;M;Illeso;0;;Non accertato;Inesistente
2763439;15;06/04/2016 13:00;Strada Urbana;VIA VINCENZO BRUNACCI;in prossimità;;del civico n.;63;;Veicolo in marcia contro veicolo in sosta;Rettilineo;Una carreggiata a senso unico di marcia;Asciutto;Asfaltata;Verticale;Sereno;Normale;Buona;Ore Diurne;0;0;0;2;12.46702;41.86288;-1;2;Autovettura privata;In marcia / fermata / arresto;Conducente;F;Illeso;0;;Utilizzato;
2763439;15;06/04/2016 13:00;Strada Urbana;VIA VINCENZO BRUNACCI;in prossimità;;del civico n.;63;;Veicolo in marcia contro veicolo in sosta;Rettilineo;Una carreggiata a senso unico di marcia;Asciutto;Asfaltata;Verticale;Sereno;Normale;Buona;Ore Diurne;0;0;0;2;12.46702;41.86288;-1;2;Autovettura privata;In marcia / fermata / arresto;Passeggero;F;Illeso;0;;Utilizzato;
2763444;11;06/04/2016 10:30;Strada Urbana;VIA OSTIENSE;da specificare;;;;fr. civ. 155;Scontro laterale fra veicoli in marcia;Rettilineo;Più di due carreggiate;Asciutto;Asfaltata;Verticale ed orizzontale;Sereno;Normale;Buona;Ore Diurne;0;0;0;2;12.47928;41.86661;-1;1;Autobus turistico;In marcia / fermata / arresto;Conducente;M;Illeso;0;;Non accertato;Inesploso
2763444;11;06/04/2016 10:30;Strada Urbana;VIA OSTIENSE;da specificare;;;;fr. civ. 155;Scontro laterale fra veicoli in marcia;Rettilineo;Più di due carreggiate;Asciutto;Asfaltata;Verticale ed orizzontale;Sereno;Normale;Buona;Ore Diurne;0;0;0;2;12.47928;41.86661;-1;2;Autovettura privata;In marcia / fermata / arresto;Conducente;M;Illeso;0;;;
2763450;11;06/04/2016 11:50;Strada Urbana;VIA SOLARIO;all'intersezione con;VIALE ALDO BALLARIN;VIALE ALDO BALLARIN;;;Scontro frontale/laterale DX fra veicoli in marcia;Incrocio;Una carreggiata a doppio senso;Asciutto;Asfaltata;Verticale ed orizzontale;Sereno;Scarso;Buona;Ore Diurne;0;0;0;3;12.48871;41.83796;-1;1;Autovettura privata;In marcia / fermata / arresto;Conducente;F;Illeso;0;;Non accertato;Inesploso
2763450;11;06/04/2016 11:50;Strada Urbana;VIA SOLARIO;all'intersezione con;VIALE ALDO BALLARIN;VIALE ALDO BALLARIN;;;Scontro frontale/laterale DX fra veicoli in marcia;Incrocio;Una carreggiata a doppio senso;Asciutto;Asfaltata;Verticale ed orizzontale;Sereno;Scarso;Buona;Ore Diurne;0;0;0;3;12.48871;41.83796;-1;1;Autovettura privata;In marcia / fermata / arresto;Passeggero;M;Illeso;0;;Non accertato;Inesploso
2763450;11;06/04/2016 11:50;Strada Urbana;VIA SOLARIO;all'intersezione con;VIALE ALDO BALLARIN;VIALE ALDO BALLARIN;;;Scontro frontale/laterale DX fra veicoli in marcia;Incrocio;Una carreggiata a doppio senso;Asciutto;Asfaltata;Verticale ed orizzontale;Sereno;Scarso;Buona;Ore Diurne;0;0;0;3;12.48871;41.83796;-1;2;Autovettura privata;In marcia / fermata / arresto;Conducente;F;Illeso;0;;Non accertato;Inesploso
2763466;8;06/04/2016 09:15;Strada Urbana;VIA PIETRO BELON;all'intersezione con;VIA DELL'ALBANELLA;VIA DELL'ALBANELLA;;;Scontro frontale/laterale SX fra veicoli in marcia;Incrocio;Una carreggiata a doppio senso;Asciutto;Asfaltata;Verticale ed orizzontale;Sereno;Normale;Sufficiente;Ore Diurne;0;0;0;2;12.591;41.87021;-1;1;Autovettura privata;In marcia / fermata / arresto;Conducente;M;Illeso;0;;Non accertato;Inesploso
2763466;8;06/04/2016 09:15;Strada Urbana;VIA PIETRO BELON;all'intersezione con;VIA DELL'ALBANELLA;VIA DELL'ALBANELLA;;;Scontro frontale/laterale SX fra veicoli in marcia;Incrocio;Una carreggiata a doppio senso;Asciutto;Asfaltata;Verticale ed orizzontale;Sereno;Normale;Sufficiente;Ore Diurne;0;0;0;2;12.591;41.87021;-1;2;Autovettura privata;In marcia / fermata / arresto;Conducente;M;Illeso;0;;Non accertato;Inesploso
2763469;8;06/04/2016 13:50;Strada Urbana;VIA DI TOR BELLA MONACA;da specificare;;;;50 mt prima VIA PARASACCHI;Scontro laterale fra veicoli in marcia;Rettilineo;Due carreggiate;Asciutto;Asfaltata;Verticale ed orizzontale;Sereno;Normale;Buona;Ore Diurne;1;0;0;0;12.62546;41.87779;-1;1;Motociclo a solo;In marcia / fermata / arresto;Conducente;M;Ricoverato;0;NON DECEDUTO;;
2763472;8;06/04/2016 16:30;Strada Urbana;VIA ORAZIO PLACIDI;in prossimità;;del palo luce n.;5;;Scontro frontale fra veicoli in marcia;Rettilineo;Una carreggiata a doppio senso;Asciutto;Asfaltata;Verticale;Sereno;Scarso;Buona;Ore Diurne;0;0;0;3;12.63064;41.86695;-1;1;Autovettura privata;In marcia / fermata / arresto;Conducente;M;Illeso;0;;Non accertato;Inesploso
2763472;8;06/04/2016 16:30;Strada Urbana;VIA ORAZIO PLACIDI;in prossimità;;del palo luce n.;5;;Scontro frontale fra veicoli in marcia;Rettilineo;Una carreggiata a doppio senso;Asciutto;Asfaltata;Verticale;Sereno;Scarso;Buona;Ore Diurne;0;0;0;3;12.63064;41.86695;-1;2;Autovettura privata;In marcia / fermata / arresto;Conducente;F;Illeso;0;;Non accertato;Inesploso
2763472;8;06/04/2016 16:30;Strada Urbana;VIA ORAZIO PLACIDI;in prossimità;;del palo luce n.;5;;Scontro frontale fra veicoli in marcia;Rettilineo;Una carreggiata a doppio senso;Asciutto;Asfaltata;Verticale;Sereno;Scarso;Buona;Ore Diurne;0;0;0;3;12.63064;41.86695;-1;2;Autovettura privata;In marcia / fermata / arresto;Passeggero;F;Illeso;0;;Non accertato;Inesploso
2763473;8;06/04/2016 13:15;Statale entro l'abitato;VIA CASILINA;all'intersezione con;VIA DEL CASALE DEL FINOCCHIO;VIA DEL CASALE DEL FINOCCHIO;;;Scontro frontale/laterale DX fra veicoli in marcia;Incrocio;Una carreggiata a doppio senso;Asciutto;Asfaltata;Orizzontale;Sereno;Normale;Buona;Ore Diurne;2;0;0;0;12.71027;41.86533;-1;1;Autovettura privata;In marcia / fermata / arresto;Conducente;F;Rimandato;0;NON DECEDUTO;Non accertato;Inesploso
2763473;8;06/04/2016 13:15;Statale entro l'abitato;VIA CASILINA;all'intersezione con;VIA DEL CASALE DEL FINOCCHIO;VIA DEL CASALE DEL FINOCCHIO;;;Scontro frontale/laterale DX fra veicoli in marcia;Incrocio;Una carreggiata a doppio senso;Asciutto;Asfaltata;Orizzontale;Sereno;Normale;Buona;Ore Diurne;2;0;0;0;12.71027;41.86533;-1;2;Autovettura privata;In marcia / fermata / arresto;Conducente;F;Rifiuta cure immediate;0;NON DECEDUTO;Non accertato;Inesploso
2763478;11;07/04/2016 03:15;Strada Urbana;PIAZZA GEREMIA BONOMELLI;all'intersezione con;VIALE GUGLIELMO MASSAIA;VIALE GUGLIELMO MASSAIA;;;Veicolo in marcia contro veicoli in sosta;Intersezione stradale segnalata;Più di due carreggiate;Asciutto;Asfaltata;Verticale ed orizzontale;Sereno;Scarso;Sufficiente;Sufficiente;0;0;0;1;12.49172;41.86479;-1;1;Autovettura privata;In marcia / fermata / arresto;Conducente;F;Illeso;0;;Non accertato;Inesploso
2763497;7;06/04/2016 19:10;Strada Urbana;VIALE DELLE GARDENIE;all'intersezione con;VIA DEI LAURI;VIA DEI LAURI;;;Scontro frontale/laterale DX fra veicoli in marcia;Incrocio;Una carreggiata a doppio senso;Asciutto;Asfaltata;Verticale ed orizzontale;Sereno;Normale;Buona;Sufficiente;1;0;0;1;12.56436;41.88589;-1;1;Autovettura privata;In marcia / fermata / arresto;Conducente;F;Illeso;0;;Non accertato;Inesploso
2763497;7;06/04/2016 19:10;Strada Urbana;VIALE DELLE GARDENIE;all'intersezione con;VIA DEI LAURI;VIA DEI LAURI;;;Scontro frontale/laterale DX fra veicoli in marcia;Incrocio;Una carreggiata a doppio senso;Asciutto;Asfaltata;Verticale ed orizzontale;Sereno;Normale;Buona;Sufficiente;1;0;0;1;12.56436;41.88589;-1;2;Motociclo a solo;In marcia / fermata / arresto;Conducente;M;Rimandato;0;NON DECEDUTO;Non utilizzato;
2763505;2;06/04/2016 17:50;Strada Urbana;PIAZZA EUCLIDE;all'intersezione con;VIA DOMENICO CHELINI;VIA DOMENICO CHELINI;;;Scontro laterale fra veicoli in marcia;Incrocio;Una carreggiata a senso unico di marcia;Asciutto;Asfaltata;Verticale ed orizzontale;Sereno;Intenso;Buona;Ore Diurne;0;0;0;2;12.48177;41.92673;-1;1;Autovettura privata;In marcia / fermata / arresto;Conducente;F;Illeso;0;;Non accertato;Inesploso
2763505;2;06/04/2016 17:50;Strada Urbana;PIAZZA EUCLIDE;all'intersezione con;VIA DOMENICO CHELINI;VIA DOMENICO CHELINI;;;Scontro laterale fra veicoli in marcia;Incrocio;Una carreggiata a senso unico di marcia;Asciutto;Asfaltata;Verticale ed orizzontale;Sereno;Intenso;Buona;Ore Diurne;0;0;0;2;12.48177;41.92673;-1;2;Autovettura privata;In marcia / fermata / arresto;Conducente;M;Illeso;0;;Non accertato;Inesploso
2763506;2;06/04/2016 19:05;Strada Urbana;CORSO TRIESTE;in prossimità;;del civico n.;140;;Tamponamento;Rettilineo;Due carreggiate;Asciutto;Asfaltata;Verticale ed orizzontale;Sereno;Normale;Buona;Ore Diurne;1;0;0;1;12.51104;41.9217;-1;1;Motociclo a solo;In marcia / fermata / arresto;Conducente;M;Ricoverato;0;NON DECEDUTO;Non accertato;
2763506;2;06/04/2016 19:05;Strada Urbana;CORSO TRIESTE;in prossimità;;del civico n.;140;;Tamponamento;Rettilineo;Due carreggiate;Asciutto;Asfaltata;Verticale ed orizzontale;Sereno;Normale;Buona;Ore Diurne;1;0;0;1;12.51104;41.9217;-1;2;Autovettura privata;In marcia / fermata / arresto;Conducente;F;Illeso;0;;Non accertato;Inesploso
2763530;8;06/04/2016 15:50;Strada Urbana;VIA DI TORRENOVA;da specificare;;;;ALTEZZA CAVALCAVIA VIA TOR BELLA MONACA;Veicolo in marcia contro ostacolo accidentale;Rettilineo;Una carreggiata a doppio senso;Asciutto;Asfaltata;Assente;Sereno;Normale;Buona;Ore Diurne;0;0;0;1;12.61936;41.88453;-1;1;Autovettura privata;In marcia / fermata / arresto;Conducente;F;Illeso;0;;Non accertato;Inesploso
2763550;19;06/04/2016 10:35;Strada Urbana;VIALE ESPERIA SPERANI;in prossimità;;del civico n.;66;;Scontro laterale fra veicoli in marcia;Rettilineo;Più di due carreggiate;Asciutto;Asfaltata;Assente;Sereno;Scarso;Buona;Ore Diurne;0;0;0;2;12.3986;41.96346;-1;1;Autovettura privata;In marcia / fermata / arresto;Conducente;M;Illeso;0;;;
2763550;19;06/04/2016 10:35;Strada Urbana;VIALE ESPERIA SPERANI;in prossimità;;del civico n.;66;;Scontro laterale fra veicoli in marcia;Rettilineo;Più di due carreggiate;Asciutto;Asfaltata;Assente;Sereno;Scarso;Buona;Ore Diurne;0;0;0;2;12.3986;41.96346;-1;2;Autovettura privata;In marcia / fermata / arresto;Conducente;F;Illeso;0;;;
2763551;17;06/04/2016 14:30;Strada Urbana;VIA GIOVANNI VITELLESCHI;all'intersezione con;VIA DEI TRE PUPAZZI;VIA DEI TRE PUPAZZI;;;Scontro laterale fra veicoli in marcia;Incrocio;Una carreggiata a senso unico di marcia;Asciutto;Asfaltata;Verticale ed orizzontale;Sereno;Normale;Buona;Ore Diurne;1;0;0;1;12.46203;41.90458;-1;1;Autovettura privata;In marcia / fermata / arresto;Conducente;M;Illeso;0;;Non accertato;Inesploso
2763551;17;06/04/2016 14:30;Strada Urbana;VIA GIOVANNI VITELLESCHI;all'intersezione con;VIA DEI TRE PUPAZZI;VIA DEI TRE PUPAZZI;;;Scontro laterale fra veicoli in marcia;Incrocio;Una carreggiata a senso unico di marcia;Asciutto;Asfaltata;Verticale ed orizzontale;Sereno;Normale;Buona;Ore Diurne;1;0;0;1;12.46203;41.90458;-1;2;Ciclomotore;In marcia / fermata / arresto;Conducente;F;Rimandato;0;NON DECEDUTO;Non accertato;
2763559;19;06/04/2016 13:35;Strada Urbana;VIA MATTIA BATTISTINI;da specificare;;;;fronte civico  450;Scontro frontale fra veicoli in marcia;Rettilineo;Una carreggiata a doppio senso;Asciutto;Asfaltata;Orizzontale;Sereno;Normale;Buona;Ore Diurne;2;0;0;0;12.41843;41.91385;-1;1;Motociclo a solo;In marcia / fermata / arresto;Conducente;M;Rimandato;0;NON DECEDUTO;Non accertato;
2763559;19;06/04/2016 13:35;Strada Urbana;VIA MATTIA BATTISTINI;da specificare;;;;fronte civico  450;Scontro frontale fra veicoli in marcia;Rettilineo;Una carreggiata a doppio senso;Asciutto;Asfaltata;Orizzontale;Sereno;Normale;Buona;Ore Diurne;2;0;0;0;12.41843;41.91385;-1;2;Motociclo a solo;In marcia / fermata / arresto;Conducente;M;Rimandato;0;NON DECEDUTO;Non accertato;
2763563;19;06/04/2016 16:35;Strada Urbana;VIA DELLA PALMAROLA;in prossimità;;del civico n.;FR. 16;;Scontro laterale fra veicoli in marcia;Rettilineo;Una carreggiata a senso unico di marcia;Asciutto;Asfaltata;Verticale ed orizzontale;Sereno;Scarso;Buona;Ore Diurne;0;0;0;2;12.49637;41.90278;-1;1;Autovettura privata;In marcia / fermata / arresto;Conducente;F;Illeso;0;;Non accertato;Inesploso
2763563;19;06/04/2016 16:35;Strada Urbana;VIA DELLA PALMAROLA;in prossimità;;del civico n.;FR. 16;;Scontro laterale fra veicoli in marcia;Rettilineo;Una carreggiata a senso unico di marcia;Asciutto;Asfaltata;Verticale ed orizzontale;Sereno;Scarso;Buona;Ore Diurne;0;0;0;2;12.49637;41.90278;-1;2;Autocarro inferiore 35 q.;In marcia / fermata / arresto;Conducente;M;Illeso;0;;Non accertato;Inesploso
2763566;19;06/04/2016 11:55;Strada Urbana;VIA DELLA VALLE DEI FONTANILI;all'intersezione con;VIA FRATELLI GRIMM;VIA FRATELLI GRIMM;;;Scontro frontale/laterale DX fra veicoli in marcia;Incrocio;Una carreggiata a doppio senso;Asciutto;Asfaltata;Orizzontale;Sereno;Normale;Buona;Ore Diurne;1;0;0;1;12.40602;41.92547;-1;1;Autovettura privata;In marcia / fermata / arresto;Conducente;F;Illeso;0;;;
2763566;19;06/04/2016 11:55;Strada Urbana;VIA DELLA VALLE DEI FONTANILI;all'intersezione con;VIA FRATELLI GRIMM;VIA FRATELLI GRIMM;;;Scontro frontale/laterale DX fra veicoli in marcia;Incrocio;Una carreggiata a doppio senso;Asciutto;Asfaltata;Orizzontale;Sereno;Normale;Buona;Ore Diurne;1;0;0;1;12.40602;41.92547;-1;2;Motociclo a solo;In marcia / fermata / arresto;Conducente;M;Ricoverato;0;NON DECEDUTO;Non accertato;
2763583;7;06/04/2016 18:45;Strada Urbana;VIA DEGLI OLIVI;all'intersezione con;VIA DEI PINI;VIA DEI PINI;;;Scontro frontale/laterale SX fra veicoli in marcia;Incrocio;Una carreggiata a doppio senso;Asciutto;Asfaltata;Verticale ed orizzontale;Sereno;Scarso;Buona;Ore Diurne;3;0;0;1;12.56996;41.88751;-1;1;Autovettura privata;In marcia / fermata / arresto;Conducente;F;Rimandato;0;NON DECEDUTO;Non accertato;Inesploso
2763583;7;06/04/2016 18:45;Strada Urbana;VIA DEGLI OLIVI;all'intersezione con;VIA DEI PINI;VIA DEI PINI;;;Scontro frontale/laterale SX fra veicoli in marcia;Incrocio;Una carreggiata a doppio senso;Asciutto;Asfaltata;Verticale ed orizzontale;Sereno;Scarso;Buona;Ore Diurne;3;0;0;1;12.56996;41.88751;-1;2;Autovettura privata;In marcia / fermata / arresto;Conducente;F;Rimandato;0;NON DECEDUTO;Non accertato;Inesploso
2763583;7;06/04/2016 18:45;Strada Urbana;VIA DEGLI OLIVI;all'intersezione con;VIA DEI PINI;VIA DEI PINI;;;Scontro frontale/laterale SX fra veicoli in marcia;Incrocio;Una carreggiata a doppio senso;Asciutto;Asfaltata;Verticale ed orizzontale;Sereno;Scarso;Buona;Ore Diurne;3;0;0;1;12.56996;41.88751;-1;2;Autovettura privata;In marcia / fermata / arresto;Passeggero;M;Illeso;0;;Non accertato;Inesistente
2763583;7;06/04/2016 18:45;Strada Urbana;VIA DEGLI OLIVI;all'intersezione con;VIA DEI PINI;VIA DEI PINI;;;Scontro frontale/laterale SX fra veicoli in marcia;Incrocio;Una carreggiata a doppio senso;Asciutto;Asfaltata;Verticale ed orizzontale;Sereno;Scarso;Buona;Ore Diurne;3;0;0;1;12.56996;41.88751;-1;2;Autovettura privata;In marcia / fermata / arresto;Passeggero;F;Ricoverato;0;NON DECEDUTO;Utilizzato;Inesistente
2763605;19;06/04/2016 14:40;Strada Urbana;VIA TRIONFALE;in prossimità;;del civico n.;8195;;Scontro laterale fra veicoli in marcia;Rettilineo;Una carreggiata a senso unico di marcia;Asciutto;Asfaltata;Assente;Sereno;Normale;Buona;Ore Diurne;0;0;0;4;12.42811;41.93721;-1;1;Autovettura privata;In marcia / fermata / arresto;Conducente;F;Illeso;0;;;
2763605;19;06/04/2016 14:40;Strada Urbana;VIA TRIONFALE;in prossimità;;del civico n.;8195;;Scontro laterale fra veicoli in marcia;Rettilineo;Una carreggiata a senso unico di marcia;Asciutto;Asfaltata;Assente;Sereno;Normale;Buona;Ore Diurne;0;0;0;4;12.42811;41.93721;-1;2;Autovettura privata;In marcia / fermata / arresto;Conducente;F;Illeso;0;;;
2763605;19;06/04/2016 14:40;Strada Urbana;VIA TRIONFALE;in prossimità;;del civico n.;8195;;Scontro laterale fra veicoli in marcia;Rettilineo;Una carreggiata a senso unico di marcia;Asciutto;Asfaltata;Assente;Sereno;Normale;Buona;Ore Diurne;0;0;0;4;12.42811;41.93721;-1;2;Autovettura privata;In marcia / fermata / arresto;Passeggero;F;Illeso;0;;;
2763624;3;06/04/2016 07:10;Strada Urbana;VIA NOMENTANA;da specificare;;;;in prossimità di  Corso Trieste;Scontro laterale fra veicoli in marcia;Rettilineo;Più di due carreggiate;Asciutto;Asfaltata;Verticale ed orizzontale;Sereno;Intenso;Buona;Ore Diurne;1;0;0;2;12.54895;42.12134;-1;1;Autocarro inferiore 35 q.;In marcia / fermata / arresto;Conducente;M;Illeso;0;;Non accertato;Inesploso
2763624;3;06/04/2016 07:10;Strada Urbana;VIA NOMENTANA;da specificare;;;;in prossimità di  Corso Trieste;Scontro laterale fra veicoli in marcia;Rettilineo;Più di due carreggiate;Asciutto;Asfaltata;Verticale ed orizzontale;Sereno;Intenso;Buona;Ore Diurne;1;0;0;2;12.54895;42.12134;-1;2;Motociclo a solo;In marcia / fermata / arresto;Conducente;F;Rifiuta cure immediate;0;NON DECEDUTO;Non accertato;
2763624;3;06/04/2016 07:10;Strada Urbana;VIA NOMENTANA;da specificare;;;;in prossimità di  Corso Trieste;Scontro laterale fra veicoli in marcia;Rettilineo;Più di due carreggiate;Asciutto;Asfaltata;Verticale ed orizzontale;Sereno;Intenso;Buona;Ore Diurne;1;0;0;2;12.54895;42.12134;-1;3;Autovettura privata;In marcia / fermata / arresto;Conducente;M;Illeso;0;;Non accertato;Inesploso