Protocollo;Gruppo;DataOraIncidente;Localizzazione1;STRADA1;Localizzazione2;STRADA2;Strada02;Chilometrica;DaSpecificare;NaturaIncidente;particolaritastrade;TipoStrada;FondoStradale;Pavimentazione;Segnaletica;CondizioneAtmosferica;Traffico;Visibilita;Illuminazione;NUM_FERITI;NUM_RISERVATA;NUM_MORTI;NUM_ILLESI;Longitudine;Latitudine;Confermato;Progressivo;TipoVeicolo;StatoVeicolo;TipoPersona;Sesso;Tipolesione;Deceduto;DecedutoDopo;CinturaCascoUtilizzato;Airbag
2765047;20;08/04/2016 07:35;Strada Urbana;VIA FLAMINIA NUOVA;all'intersezione con;VIA TUSCANIA;VIA TUSCANIA;;;Scontro frontale/laterale DX fra veicoli in marcia;Intersezione stradale segnalata;Una carreggiata a senso unico di marcia;Bagnato (umidità in atto);Asfaltata;Verticale;Nuvoloso;Scarso;Buona;Ore Diurne;0;0;0;4;12.4872;41.96095;-1;2;Autovettura privata;In marcia / fermata / arresto;Conducente;F;Illeso;0;;;
2765056;10;07/04/2016 17:50;Strada Urbana;VIA DELLA MARRANELLA DI MARINO;in prossimità;;del civico n.;82;;Veicolo in marcia contro ostacolo fisso;Rettilineo;Una carreggiata a senso unico di marcia;Asciutto;Asfaltata;Verticale ed orizzontale;Nuvoloso;Normale;Buona;Ore Diurne;0;0;0;1;12.60325;41.81028;-1;1;Motociclo a solo;In marcia / fermata / arresto;Conducente;M;Illeso;0;;Non accertato;
2765063;13;01/04/2016 11:00;Strada Urbana;CORSO DUCA DI GENOVA;in corrispondenza;;del civico n.;145;;Scontro laterale fra veicoli in marcia;Rettilineo;Una carreggiata a doppio senso;Asciutto;Asfaltata;Verticale;Sereno;Normale;Buona;Ore Diurne;0;0;0;2;12.27221;41.73358;-1;1;Autovettura privata;In marcia / fermata / arresto;Conducente;M;Illeso;0;;Non accertato;Inesploso
2765063;13;01/04/2016 11:00;Strada Urbana;CORSO DUCA DI GENOVA;in corrispondenza;;del civico n.;145;;Scontro laterale fra veicoli in marcia;Rettilineo;Una carreggiata a doppio senso;Asciutto;Asfaltata;Verticale;Sereno;Normale;Buona;Ore Diurne;0;0;0;2;12.27221;41.73358;-1;2;Motociclo a solo;In marcia / fermata / arresto;Conducente;M;Illeso;0;;Non accertato;
2765091;13;07/04/2016 20:40;Strada Urbana;VIA DANILO STIEPOVICH;all'intersezione con;VIA ARMANDO CRISCIANI;VIA ARMANDO CRISCIANI;;;Scontro frontale/laterale DX fra veicoli in marcia;Incrocio;Una carreggiata a senso unico di marcia;Asciutto;Asfaltata;Verticale ed orizzontale;Sereno;Scarso;Buona;Sufficiente;1;0;0;3;12.2697;41.73974;-1;1;Autovettura privata;In marcia / fermata / arresto;Conducente;F;Illeso;0;;Non accertato;
2765091;13;07/04/2016 20:40;Strada Urbana;VIA DANILO STIEPOVICH;all'intersezione con;VIA ARMANDO CRISCIANI;VIA ARMANDO CRISCIANI;;;Scontro frontale/laterale DX fra veicoli in marcia;Incrocio;Una carreggiata a senso unico di marcia;Asciutto;Asfaltata;Verticale ed orizzontale;Sereno;Scarso;Buona;Sufficiente;1;0;0;3;12.2697;41.73974;-1;1;Autovettura privata;In marcia / fermata / arresto;Passeggero;M;Illeso;0;;Non accertato;
2765091;13;07/04/2016 20:40;Strada Urbana;VIA DANILO STIEPOVICH;all'intersezione con;VIA ARMANDO CRISCIANI;VIA ARMANDO CRISCIANI;;;Scontro frontale/laterale DX fra veicoli in marcia;Incrocio;Una carreggiata a senso unico di marcia;Asciutto;Asfaltata;Verticale ed orizzontale;Sereno;Scarso;Buona;Sufficiente;1;0;0;3;12.2697;41.73974;-1;1;Autovettura privata;In marcia / fermata / arresto;Passeggero;M;Illeso;0;;Non accertato;
2765091;13;07/04/2016 20:40;Strada Urbana;VIA DANILO STIEPOVICH;all'intersezione con;VIA ARMANDO CRISCIANI;VIA ARMANDO CRISCIANI;;;Scontro frontale/laterale DX fra veicoli in marcia;Incrocio;Una carreggiata a senso unico di marcia;Asciutto;Asfaltata;Verticale ed orizzontale;Sereno;Scarso;Buona;Sufficiente;1;0;0;3;12.2697;41.73974;-1;2;Autovettura privata;In marcia / fermata / arresto;Conducente;M;Rimandato;0;NON DECEDUTO;Non accertato;
2765098;2;07/04/2016 17:25;Strada Urbana;VIA DI VILLA ADA;all'intersezione con;VIA LARIANA;VIA LARIANA;;;Scontro frontale/laterale SX fra veicoli in marcia;Incrocio;Due carreggiate;Asciutto;Asfaltata;Verticale;Sereno;Normale;Buona;Ore Diurne;1;0;0;1;12.50559;41.92416;-1;1;Autovettura privata;In marcia / fermata / arresto;Conducente;F;Illeso;0;;Non accertato;Inesploso
2765098;2;07/04/2016 17:25;Strada Urbana;VIA DI VILLA ADA;all'intersezione con;VIA LARIANA;VIA LARIANA;;;Scontro frontale/laterale SX fra veicoli in marcia;Incrocio;Due carreggiate;Asciutto;Asfaltata;Verticale;Sereno;Normale;Buona;Ore Diurne;1;0;0;1;12.50559;41.92416;-1;2;Motociclo a solo;In marcia / fermata / arresto;Conducente;M;Rimandato;0;NON DECEDUTO;Non accertato;
2765105;17;07/04/2016 11:45;Strada Urbana;VIALE GIULIO CESARE;in prossimità;;del civico n.;7;;Scontro laterale fra veicoli in marcia;Rettilineo;Più di due carreggiate;Asciutto;Asfaltata;Verticale ed orizzontale;Sereno;Normale;Buona;Ore Diurne;0;0;0;2;12.46975;41.91208;-1;1;Autovettura privata;In marcia / fermata / arresto;Conducente;F;Illeso;0;;Non accertato;Inesploso
2765105;17;07/04/2016 11:45;Strada Urbana;VIALE GIULIO CESARE;in prossimità;;del civico n.;7;;Scontro laterale fra veicoli in marcia;Rettilineo;Più di due carreggiate;Asciutto;Asfaltata;Verticale ed orizzontale;Sereno;Normale;Buona;Ore Diurne;0;0;0;2;12.46975;41.91208;-1;2;Autovettura pubblica;In marcia / fermata / arresto;Conducente;M;Illeso;0;;Non accertato;Inesploso
2765123;7;08/04/2016 08:45;Strada Urbana;VIA DEI GELSI;all'intersezione con;VIA DEI CICLAMINI;VIA DEI CICLAMINI;;;Scontro frontale/laterale SX fra veicoli in marcia;Intersezione stradale segnalata;Due carreggiate;Asciutto;Asfaltata;Verticale ed orizzontale;Nuvoloso;Normale;Buona;Ore Diurne;2;0;0;1;12.56718;41.88889;-1;1;Autovettura privata;In marcia / fermata / arresto;Conducente;M;Ricoverato;0;NON DECEDUTO;Non accertato;Inesploso
2765123;7;08/04/2016 08:45;Strada Urbana;VIA DEI GELSI;all'intersezione con;VIA DEI CICLAMINI;VIA DEI CICLAMINI;;;Scontro frontale/laterale SX fra veicoli in marcia;Intersezione stradale segnalata;Due carreggiate;Asciutto;Asfaltata;Verticale ed orizzontale;Nuvoloso;Normale;Buona;Ore Diurne;2;0;0;1;12.56718;41.88889;-1;2;Autovettura privata;In marcia / fermata / arresto;Conducente;M;Illeso;0;;Non accertato;Inesploso
2765123;7;08/04/2016 08:45;Strada Urbana;VIA DEI GELSI;all'intersezione con;VIA DEI CICLAMINI;VIA DEI CICLAMINI;;;Scontro frontale/laterale SX fra veicoli in marcia;Intersezione stradale segnalata;Due carreggiate;Asciutto;Asfaltata;Verticale ed orizzontale;Nuvoloso;Normale;Buona;Ore Diurne;2;0;0;1;12.56718;41.88889;-1;3;Autovettura privata;In marcia / fermata / arresto;Conducente;M;Ricoverato;0;NON DECEDUTO;Non accertato;Inesploso
2765128;2;07/04/2016 13:20;Strada Urbana;VIALE PARIOLI;in prossimità;;del civico n.;52;;Tamponamento;Rettilineo;Una carreggiata a doppio senso;Asciutto;Asfaltata;Verticale ed orizzontale;Sereno;Intenso;Buona;Ore Diurne;0;0;0;2;12.48943;41.92521;-1;1;Autovettura privata;In marcia / fermata / arresto;Conducente;F;Illeso;0;;;
2765128;2;07/04/2016 13:20;Strada Urbana;VIALE PARIOLI;in prossimità;;del civico n.;52;;Tamponamento;Rettilineo;Una carreggiata a doppio senso;Asciutto;Asfaltata;Verticale ed orizzontale;Sereno;Intenso;Buona;Ore Diurne;0;0;0;2;12.48943;41.92521;-1;2;Autovettura privata;In marcia / fermata / arresto;Conducente;M;Illeso;0;;;
2765143;8;07/04/2016 18:25;Strada Urbana;VIALE NUSCO;all'intersezione con;VIA PEDICA DI TOR ANGELA;VIA PEDICA DI TOR ANGELA;;;Veicolo in marcia contro ostacolo accidentale;Intersezione stradale segnalata;Una carreggiata a senso unico di marcia;Asciutto;Asfaltata;Assente;Sereno;Scarso;Buona;Ore Diurne;0;0;0;1;12.63047;41.89164;-1;1;Autovettura privata;In marcia / fermata / arresto;Conducente;M;Illeso;0;;Non accertato;Inesploso
2765147;13;07/04/2016 15:55;Strada Urbana;VIA DELLA GENTE SALINATORIA;da specificare;;;;(viale dei Romagnoli/via Pericle Ducati;Scontro laterale fra veicoli in marcia;Rettilineo;Una carreggiata a doppio senso;Asciutto;Asfaltata;Assente;Nuvoloso;Normale;Buona;Ore Diurne;0;0;0;3;12.30348;41.7603;-1;1;Autovettura privata;In marcia / fermata / arresto;Conducente;F;Illeso;0;;Non accertato;Inesploso
2765147;13;07/04/2016 15:55;Strada Urbana;VIA DELLA GENTE SALINATORIA;da specificare;;;;(viale dei Romagnoli/via Pericle Ducati;Scontro laterale fra veicoli in marcia;Rettilineo;Una carreggiata a doppio senso;Asciutto;Asfaltata;Assente;Nuvoloso;Normale;Buona;Ore Diurne;0;0;0;3;12.30348;41.7603;-1;2;Autovettura privata;In marcia / fermata / arresto;Conducente;F;Illeso;0;;Non accertato;Inesploso
2765147;13;07/04/2016 15:55;Strada Urbana;VIA DELLA GENTE SALINATORIA;da specificare;;;;(viale dei Romagnoli/via Pericle Ducati;Scontro laterale fra veicoli in marcia;Rettilineo;Una carreggiata a doppio senso;Asciutto;Asfaltata;Assente;Nuvoloso;Normale;Buona;Ore Diurne;0;0;0;3;12.30348;41.7603;-1;2;Autovettura privata;In marcia / fermata / arresto;Passeggero;M;Illeso;0;;Non accertato;Inesploso
2765154;8;07/04/2016 09:20;Statale entro l'abitato;VIA CASILINA;in prossimità;;del civico n.;1765;;Scontro frontale/laterale SX fra veicoli in marcia;Rettilineo;Una carreggiata a doppio senso;Asciutto;Asfaltata;Verticale ed orizzontale;Sereno;Normale;Buona;Ore Diurne;0;0;0;2;12.67525;41.86376;-1;1;Motociclo a solo;In marcia / fermata / arresto;Conducente;M;Illeso;0;;Non accertato;
2765154;8;07/04/2016 09:20;Statale entro l'abitato;VIA CASILINA;in prossimità;;del civico n.;1765;;Scontro frontale/laterale SX fra veicoli in marcia;Rettilineo;Una carreggiata a doppio senso;Asciutto;Asfaltata;Verticale ed orizzontale;Sereno;Normale;Buona;Ore Diurne;0;0;0;2;12.67525;41.86376;-1;2;Autovettura privata;In marcia / fermata / arresto;Conducente;M;Illeso;0;;Non accertato;Inesploso
2765156;8;07/04/2016 14:00;Strada Urbana;VIA DI PASSOLOMBARDO;in prossimità;;del civico n.;318;;Veicolo in marcia contro ostacolo accidentale;Rettilineo;Una carreggiata a doppio senso;Asciutto;Asfaltata;Assente;Sereno;Scarso;Buona;Ore Diurne;0;0;0;1;12.62977;41.84453;-1;1;Autovettura privata;In marcia / fermata / arresto;Conducente;M;Illeso;0;;Non accertato;Inesploso
2765161;8;08/04/2016 00:30;Strada Urbana;VIA DELL' OSTERIA DEL FINOCCHIO;in corrispondenza;;del civico n.;154;;Veicolo in marcia contro ostacolo accidentale;Rettilineo;Una carreggiata a doppio senso;Asciutto;Con buche;Verticale;Nuvoloso;Scarso;Sufficiente;Sufficiente;0;0;0;2;12.6767;41.85574;-1;1;Autovettura di polizia;In marcia / fermata / arresto;Conducente;M;Illeso;0;;Non accertato;Inesploso
2765161;8;08/04/2016 00:30;Strada Urbana;VIA DELL' OSTERIA DEL FINOCCHIO;in corrispondenza;;del civico n.;154;;Veicolo in marcia contro ostacolo accidentale;Rettilineo;Una carreggiata a doppio senso;Asciutto;Con buche;Verticale;Nuvoloso;Scarso;Sufficiente;Sufficiente;0;0;0;2;12.6767;41.85574;-1;1;Autovettura di polizia;In marcia / fermata / arresto;Passeggero;M;Illeso;0;;Non accertato;Inesploso
2765163;8;07/04/2016 10:00;Strada Urbana;VIA ATANASIO SOLDATI;da specificare;;;;ALT USCITA GRA CARREGGIATA ESTERNA;Veicolo in marcia contro ostacolo accidentale;Rettilineo;Una carreggiata a doppio senso;Asciutto;Asfaltata;Verticale ed orizzontale;Sereno;Normale;Buona;Ore Diurne;0;0;0;1;12.61679;41.91009;-1;1;Autovettura privata;In marcia / fermata / arresto;Conducente;M;Illeso;0;;Non accertato;Inesploso
2765164;10;08/04/2016 09:00;Provinciale entro l'abitato;VIA TUSCOLANA;in prossimità;;del palo luce n.;779;;Tamponamento;Rettilineo;Più di due carreggiate;Asciutto;Asfaltata;Verticale ed orizzontale;Nuvoloso;Intenso;Buona;Ore Diurne;0;0;0;2;12.57887;41.84638;-1;1;Autovettura privata;In marcia / fermata / arresto;Conducente;M;Illeso;0;;Non accertato;Inesploso
2765164;10;08/04/2016 09:00;Provinciale entro l'abitato;VIA TUSCOLANA;in prossimità;;del palo luce n.;779;;Tamponamento;Rettilineo;Più di due carreggiate;Asciutto;Asfaltata;Verticale ed orizzontale;Nuvoloso;Intenso;Buona;Ore Diurne;0;0;0;2;12.57887;41.84638;-1;2;Autovettura privata;In marcia / fermata / arresto;Conducente;M;Illeso;0;;Non accertato;Esploso
2765167;8;07/04/2016 16:20;Strada Urbana;VIA DON PRIMO MAZZOLARI;da specificare;;;;50 METRI PRIMA INT. CON VIA USAI;Scontro laterale fra veicoli in marcia;Rettilineo;Una carreggiata a doppio senso;Asciutto;Asfaltata;Orizzontale;Nuvoloso;Normale;Sufficiente;Ore Diurne;0;0;0;4;12.67355;41.89469;-1;1;Autovettura privata;In marcia / fermata / arresto;Conducente;F;Illeso;0;;Non accertato;Inesploso
2765167;8;07/04/2016 16:20;Strada Urbana;VIA DON PRIMO MAZZOLARI;da specificare;;;;50 METRI PRIMA INT. CON VIA USAI;Scontro laterale fra veicoli in marcia;Rettilineo;Una carreggiata a doppio senso;Asciutto;Asfaltata;Orizzontale;Nuvoloso;Normale;Sufficiente;Ore Diurne;0;0;0;4;12.67355;41.89469;-1;2;Autovettura privata;In marcia / fermata / arresto;Conducente;M;Illeso;0;;Non accertato;Inesploso
2765167;8;07/04/2016 16:20;Strada Urbana;VIA DON PRIMO MAZZOLARI;da specificare;;;;50 METRI PRIMA INT. CON VIA USAI;Scontro laterale fra veicoli in marcia;Rettilineo;Una carreggiata a doppio senso;Asciutto;Asfaltata;Orizzontale;Nuvoloso;Normale;Sufficiente;Ore Diurne;0;0;0;4;12.67355;41.89469;-1;2;Autovettura privata;In marcia / fermata / arresto;Passeggero;M;Illeso;0;;Non accertato;Inesploso
2765167;8;07/04/2016 16:20;Strada Urbana;VIA DON PRIMO MAZZOLARI;da specificare;;;;50 METRI PRIMA INT. CON VIA USAI;Scontro laterale fra veicoli in marcia;Rettilineo;Una carreggiata a doppio senso;Asciutto;Asfaltata;Orizzontale;Nuvoloso;Normale;Sufficiente;Ore Diurne;0;0;0;4;12.67355;41.89469;-1;2;Autovettura privata;In marcia / fermata / arresto;Passeggero;F;Illeso;0;;Non accertato;Inesploso
2765175;8;07/04/2016 09:00;Strada Urbana;VIA DEL FONTANILE DI CARCARICOLA;da specificare;;;;area parcheggio Fac. Scienze/Biologia (Via Yale);Scontro frontale/laterale DX fra veicoli in marcia;Rettilineo;Una carreggiata a doppio senso;Asciutto;Asfaltata;Verticale;Sereno;Scarso;Buona;Ore Diurne;0;0;0;2;12.6283;41.85976;-1;1;Autovettura privata;In marcia / fermata / arresto;Conducente;F;Illeso;0;;Non accertato;
2765175;8;07/04/2016 09:00;Strada Urbana;VIA DEL FONTANILE DI CARCARICOLA;da specificare;;;;area parcheggio Fac. Scienze/Biologia (Via Yale);Scontro frontale/laterale DX fra veicoli in marcia;Rettilineo;Una carreggiata a doppio senso;Asciutto;Asfaltata;Verticale;Sereno;Scarso;Buona;Ore Diurne;0;0;0;2;12.6283;41.85976;-1;2;Autovettura privata;In marcia / fermata / arresto;Conducente;F;Illeso;0;;Non accertato;
2765177;8;07/04/2016 08:50;Strada Urbana;VIA LUIGI FERRETTI;da specificare;;;;20 METRI DOPO VIA SOMMARIVA;Veicolo in marcia contro ostacolo accidentale;Rettilineo;Una carreggiata a doppio senso;Asciutto;Asfaltata;Assente;Sereno;Scarso;Buona;Ore Diurne;0;0;0;1;12.57269;41.86805;-1;1;Autovettura privata;In marcia / fermata / arresto;Conducente;F;Illeso;0;;Non accertato;Inesploso
2765182;17;07/04/2016 16:15;Strada Urbana;VIA TRIBONIANO;in prossimità;;del civico n.;12;;Scontro laterale fra veicoli in marcia;Curva a visuale libera;Una carreggiata a senso unico di marcia;Asciutto;Asfaltata;Verticale ed orizzontale;Sereno;Normale;Buona;Ore Diurne;0;0;0;3;12.46939;41.90373;-1;1;Autovettura privata;In marcia / fermata / arresto;Conducente;F;Illeso;0;;;
2765182;17;07/04/2016 16:15;Strada Urbana;VIA TRIBONIANO;in prossimità;;del civico n.;12;;Scontro laterale fra veicoli in marcia;Curva a visuale libera;Una carreggiata a senso unico di marcia;Asciutto;Asfaltata;Verticale ed orizzontale;Sereno;Normale;Buona;Ore Diurne;0;0;0;3;12.46939;41.90373;-1;1;Autovettura privata;In marcia / fermata / arresto;Passeggero;F;Illeso;0;;;
2765182;17;07/04/2016 16:15;Strada Urbana;VIA TRIBONIANO;in prossimità;;del civico n.;12;;Scontro laterale fra veicoli in marcia;Curva a visuale libera;Una carreggiata a senso unico di marcia;Asciutto;Asfaltata;Verticale ed orizzontale;Sereno;Normale;Buona;Ore Diurne;0;0;0;3;12.46939;41.90373;-1;2;Autovettura privata;In marcia / fermata / arresto;Conducente;M;Illeso;0;;;
2765203;4;07/04/2016 20:10;Strada Urbana;VIALE TIRRENO;da specificare;;;;fronte civico 16;Tamponamento Multiplo;Rettilineo;Una carreggiata a doppio senso;Asciutto;Asfaltata;Verticale ed orizzontale;Sereno;Normale;Buona;Sufficiente;3;0;0;2;12.52926;41.94049;-1;1;Autovettura privata;In marcia / fermata / arresto;Conducente;M;Rimandato;0;NON DECEDUTO;Non accertato;Esploso
2765203;4;07/04/2016 20:10;Strada Urbana;VIALE TIRRENO;da specificare;;;;fronte civico 16;Tamponamento Multiplo;Rettilineo;Una carreggiata a doppio senso;Asciutto;Asfaltata;Verticale ed orizzontale;Sereno;Normale;Buona;Sufficiente;3;0;0;2;12.52926;41.94049;-1;2;Autovettura privata;In marcia / fermata / arresto;Conducente;M;Rimandato;0;NON DECEDUTO;Non accertato;Inesploso
2765203;4;07/04/2016 20:10;Strada Urbana;VIALE TIRRENO;da specificare;;;;fronte civico 16;Tamponamento Multiplo;Rettilineo;Una carreggiata a doppio senso;Asciutto;Asfaltata;Verticale ed orizzontale;Sereno;Normale;Buona;Sufficiente;3;0;0;2;12.52926;41.94049;-1;2;Autovettura privata;In marcia / fermata / arresto;Passeggero;M;Rimandato;0;NON DECEDUTO;Non accertato;Inesploso
2765203;4;07/04/2016 20:10;Strada Urbana;VIALE TIRRENO;da specificare;;;;fronte civico 16;Tamponamento Multiplo;Rettilineo;Una carreggiata a doppio senso;Asciutto;Asfaltata;Verticale ed orizzontale;Sereno;Normale;Buona;Sufficiente;3;0;0;2;12.52926;41.94049;-1;3;Autovettura privata;In marcia / fermata / arresto;Conducente;M;Illeso;0;;Non accertato;Inesploso
2765203;4;07/04/2016 20:10;Strada Urbana;VIALE TIRRENO;da specificare;;;;fronte civico 16;Tamponamento Multiplo;Rettilineo;Una carreggiata a doppio senso;Asciutto;Asfaltata;Verticale ed orizzontale;Sereno;Normale;Buona;Sufficiente;3;0;0;2;12.52926;41.94049;-1;4;Autobus urbano;In marcia / fermata / arresto;Conducente;M;Illeso;0;;Non accertato;Inesistente
2765252;18;07/04/2016 15:10;Strada Urbana;VIA DI ACQUAFREDDA;in prossimità;;del civico n.;313;;Tamponamento Multiplo;Rettilineo;Due carreggiate;Asciutto;Asfaltata;Assente;Nuvoloso;Normale;Buona;Ore Diurne;0;0;0;3;12.3992;41.9013;-1;1;Autovettura privata;In marcia / fermata / arresto;Conducente;M;Illeso;0;;Non accertato;Inesploso
2765252;18;07/04/2016 15:10;Strada Urbana;VIA DI ACQUAFREDDA;in prossimità;;del civico n.;313;;Tamponamento Multiplo;Rettilineo;Due carreggiate;Asciutto;Asfaltata;Assente;Nuvoloso;Normale;Buona;Ore Diurne;0;0;0;3;12.3992;41.9013;-1;2;Autovettura privata;In marcia / fermata / arresto;Conducente;F;Illeso;0;;Non accertato;Inesploso
2765252;18;07/04/2016 15:10;Strada Urbana;VIA DI ACQUAFREDDA;in prossimità;;del civico n.;313;;Tamponamento Multiplo;Rettilineo;Due carreggiate;Asciutto;Asfaltata;Assente;Nuvoloso;Normale;Buona;Ore Diurne;0;0;0;3;12.3992;41.9013;-1;3;Autovettura privata;In marcia / fermata / arresto;Conducente;F;Illeso;0;;Non accertato;Inesploso
2765257;4;07/04/2016 17:00;Strada Urbana;VIA COMANO;in prossimità;;del civico n.;71;;Veicolo in marcia contro ostacolo fisso;Rettilineo;Una carreggiata a doppio senso;Asciutto;Asfaltata;Verticale ed orizzontale;Nuvoloso;Scarso;Buona;Ore Diurne;0;0;0;1;12.51312;41.95496;-1;1;Autovettura privata;In marcia / fermata / arresto;Conducente;F;Illeso;0;;Non accertato;Inesploso
2765262;13;07/04/2016 19:45;Strada Urbana;PIAZZA FONTE DEGLI ACILII;da specificare;;;;direzione Via Ermanno Wolf Ferrari;Tamponamento;Rotatoria;Una carreggiata a doppio senso;Asciutto;Asfaltata;Verticale ed orizzontale;Sereno;Normale;Buona;Ore Diurne;0;0;0;4;12.36988;41.75464;-1;1;Autovettura privata;In marcia / fermata / arresto;Conducente;F;Illeso;0;;Non accertato;
2765262;13;07/04/2016 19:45;Strada Urbana;PIAZZA FONTE DEGLI ACILII;da specificare;;;;direzione Via Ermanno Wolf Ferrari;Tamponamento;Rotatoria;Una carreggiata a doppio senso;Asciutto;Asfaltata;Verticale ed orizzontale;Sereno;Normale;Buona;Ore Diurne;0;0;0;4;12.36988;41.75464;-1;1;Autovettura privata;In marcia / fermata / arresto;Passeggero;F;Illeso;0;;Non accertato;
2765262;13;07/04/2016 19:45;Strada Urbana;PIAZZA FONTE DEGLI ACILII;da specificare;;;;direzione Via Ermanno Wolf Ferrari;Tamponamento;Rotatoria;Una carreggiata a doppio senso;Asciutto;Asfaltata;Verticale ed orizzontale;Sereno;Normale;Buona;Ore Diurne;0;0;0;4;12.36988;41.75464;-1;2;Autovettura privata;In marcia / fermata / arresto;Conducente;F;Illeso;0;;Non accertato;
2765262;13;07/04/2016 19:45;Strada Urbana;PIAZZA FONTE DEGLI ACILII;da specificare;;;;direzione Via Ermanno Wolf Ferrari;Tamponamento;Rotatoria;Una carreggiata a doppio senso;Asciutto;Asfaltata;Verticale ed orizzontale;Sereno;Normale;Buona;Ore Diurne;0;0;0;4;12.36988;41.75464;-1;2;Autovettura privata;In marcia / fermata / arresto;Passeggero;F;Illeso;0;;Non accertato;
2765269;18;07/04/2016 16:00;Strada Urbana;VIA DELLA MAGLIANELLA;all'intersezione con;VIA DI ACQUAFREDDA;VIA DI ACQUAFREDDA;;;Tamponamento;Intersezione stradale segnalata;Una carreggiata a senso unico di marcia;Asciutto;Asfaltata;Verticale ed orizzontale;Sereno;Normale;Buona;Ore Diurne;0;0;0;4;12.38178;41.90343;-1;1;Autovettura privata;In marcia / fermata / arresto;Conducente;M;Illeso;0;;;
2765269;18;07/04/2016 16:00;Strada Urbana;VIA DELLA MAGLIANELLA;all'intersezione con;VIA DI ACQUAFREDDA;VIA DI ACQUAFREDDA;;;Tamponamento;Intersezione stradale segnalata;Una carreggiata a senso unico di marcia;Asciutto;Asfaltata;Verticale ed orizzontale;Sereno;Normale;Buona;Ore Diurne;0;0;0;4;12.38178;41.90343;-1;1;Autovettura privata;In marcia / fermata / arresto;Passeggero;M;Illeso;0;;;
2765269;18;07/04/2016 16:00;Strada Urbana;VIA DELLA MAGLIANELLA;all'intersezione con;VIA DI ACQUAFREDDA;VIA DI ACQUAFREDDA;;;Tamponamento;Intersezione stradale segnalata;Una carreggiata a senso unico di marcia;Asciutto;Asfaltata;Verticale ed orizzontale;Sereno;Normale;Buona;Ore Diurne;0;0;0;4;12.38178;41.90343;-1;2;Autovettura privata;In marcia / fermata / arresto;Conducente;M;Illeso;0;;;
2765279;4;07/04/2016 08:05;Strada Urbana;VIA RENATO FUCINI;all'intersezione con;VIA UMBERTO FRACCHIA;VIA UMBERTO FRACCHIA;;;Scontro laterale fra veicoli in marcia;Incrocio;Due carreggiate;Asciutto;Asfaltata;Verticale ed orizzontale;Sereno;Normale;Buona;Ore Diurne;0;0;0;2;12.54952;41.94986;-1;1;Autovettura privata;In marcia / fermata / arresto;Conducente;F;Illeso;0;;;
2765279;4;07/04/2016 08:05;Strada Urbana;VIA RENATO FUCINI;all'intersezione con;VIA UMBERTO FRACCHIA;VIA UMBERTO FRACCHIA;;;Scontro laterale fra veicoli in marcia;Incrocio;Due carreggiate;Asciutto;Asfaltata;Verticale ed orizzontale;Sereno;Normale;Buona;Ore Diurne;0;0;0;2;12.54952;41.94986;-1;2;Autovettura privata;In marcia / fermata / arresto;Conducente;M;Illeso;0;;;
2765291;18;07/04/2016 17:20;Strada Urbana;VIA ENNIO BONIFAZI;all'intersezione con;VIA PIO VII;VIA PIO VII;;;Scontro frontale/laterale SX fra veicoli in marcia;Intersezione non regolata/non segnalata;Una carreggiata a doppio senso;Asciutto;Asfaltata;Verticale ed orizzontale;Sereno;Normale;Buona;Ore Diurne;1;0;0;2;12.41808;41.9043;-1;1;Autovettura privata;In marcia / fermata / arresto;Conducente;F;Illeso;0;;Non accertato;Inesploso
2765291;18;07/04/2016 17:20;Strada Urbana;VIA ENNIO BONIFAZI;all'intersezione con;VIA PIO VII;VIA PIO VII;;;Scontro frontale/laterale SX fra veicoli in marcia;Intersezione non regolata/non segnalata;Una carreggiata a doppio senso;Asciutto;Asfaltata;Verticale ed orizzontale;Sereno;Normale;Buona;Ore Diurne;1;0;0;2;12.41808;41.9043;-1;1;Autovettura privata;In marcia / fermata / arresto;Passeggero;F;Illeso;0;;;
2765291;18;07/04/2016 17:20;Strada Urbana;VIA ENNIO BONIFAZI;all'intersezione con;VIA PIO VII;VIA PIO VII;;;Scontro frontale/laterale SX fra veicoli in marcia;Intersezione non regolata/non segnalata;Una carreggiata a doppio senso;Asciutto;Asfaltata;Verticale ed orizzontale;Sereno;Normale;Buona;Ore Diurne;1;0;0;2;12.41808;41.9043;-1;2;Motociclo a solo;In marcia / fermata / arresto;Conducente;M;Rimandato;0;NON DECEDUTO;Non accertato;
2765306;17;07/04/2016 16:45;Strada Urbana;VIA VESPASIANO;all'intersezione con;VIA DEGLI SCIPIONI;VIA DEGLI SCIPIONI;;;Scontro frontale/laterale DX fra veicoli in marcia;Incrocio;Una carreggiata a senso unico di marcia;Asciutto;In cubetti di porfido;Verticale ed orizzontale;Nuvoloso;Normale;Buona;Ore Diurne;1;0;0;1;12.45678;41.90823;-1;1;Autovettura privata;In marcia / fermata / arresto;Conducente;F;Rifiuta cure immediate;0;NON DECEDUTO;;
2765306;17;07/04/2016 16:45;Strada Urbana;VIA VESPASIANO;all'intersezione con;VIA DEGLI SCIPIONI;VIA DEGLI SCIPIONI;;;Scontro frontale/laterale DX fra veicoli in marcia;Incrocio;Una carreggiata a senso unico di marcia;Asciutto;In cubetti di porfido;Verticale ed orizzontale;Nuvoloso;Normale;Buona;Ore Diurne;1;0;0;1;12.45678;41.90823;-1;2;Autocarro inferiore 35 q.;In marcia / fermata / arresto;Conducente;M;Illeso;0;;;