Protocollo;Gruppo;DataOraIncidente;Localizzazione1;STRADA1;Localizzazione2;STRADA2;Strada02;Chilometrica;DaSpecificare;NaturaIncidente;particolaritastrade;TipoStrada;FondoStradale;Pavimentazione;Segnaletica;CondizioneAtmosferica;Traffico;Visibilita;Illuminazione;NUM_FERITI;NUM_RISERVATA;NUM_MORTI;NUM_ILLESI;Longitudine;Latitudine;Confermato;Progressivo;TipoVeicolo;StatoVeicolo;TipoPersona;Sesso;Tipolesione;Deceduto;DecedutoDopo;CinturaCascoUtilizzato;Airbag
2770294;8;11/04/2016 16:45;Statale entro l'abitato;VIA CASILINA;all'intersezione con;VIA CINO DEL DUCA;VIA CINO DEL DUCA;;;Scontro frontale/laterale SX fra veicoli in marcia;Intersezione semaforizzata;Due carreggiate;Asciutto;Asfaltata;Verticale ed orizzontale;Sereno;Intenso;Buona;Ore Diurne;3;0;0;1;12.60933;41.86405;-1;2;Autovettura privata;In marcia / fermata / arresto;Conducente;F;Ricoverato;0;NON DECEDUTO;Non accertato;
2770294;8;11/04/2016 16:45;Statale entro l'abitato;VIA CASILINA;all'intersezione con;VIA CINO DEL DUCA;VIA CINO DEL DUCA;;;Scontro frontale/laterale SX fra veicoli in marcia;Intersezione semaforizzata;Due carreggiate;Asciutto;Asfaltata;Verticale ed orizzontale;Sereno;Intenso;Buona;Ore Diurne;3;0;0;1;12.60933;41.86405;-1;2;Autovettura privata;In marcia / fermata / arresto;Passeggero;M;Rimandato;0;NON DECEDUTO;Non accertato;Esploso
2770294;8;11/04/2016 16:45;Statale entro l'abitato;VIA CASILINA;all'intersezione con;VIA CINO DEL DUCA;VIA CINO DEL DUCA;;;Scontro frontale/laterale SX fra veicoli in marcia;Intersezione semaforizzata;Due carreggiate;Asciutto;Asfaltata;Verticale ed orizzontale;Sereno;Intenso;Buona;Ore Diurne;3;0;0;1;12.60933;41.86405;-1;2;Autovettura privata;In marcia / fermata / arresto;Passeggero;M;Rimandato;0;NON DECEDUTO;Non accertato;Inesistente
2770297;8;11/04/2016 18:20;Statale entro l'abitato;VIA CASILINA;da specificare;;;;PROX GRA DIR RM CENTRO;Tamponamento Multiplo;Rettilineo;Una carreggiata a senso unico di marcia;Asciutto;Asfaltata;Verticale ed orizzontale;Sereno;Intenso;Buona;Ore Diurne;5;0;0;0;12.60212;41.86609;-1;1;Autovettura privata;In marcia / fermata / arresto;Conducente;M;Rifiuta cure immediate;0;NON DECEDUTO;Non accertato;Inesploso
2770297;8;11/04/2016 18:20;Statale entro l'abitato;VIA CASILINA;da specificare;;;;PROX GRA DIR RM CENTRO;Tamponamento Multiplo;Rettilineo;Una carreggiata a senso unico di marcia;Asciutto;Asfaltata;Verticale ed orizzontale;Sereno;Intenso;Buona;Ore Diurne;5;0;0;0;12.60212;41.86609;-1;2;Autovettura privata;In marcia / fermata / arresto;Conducente;M;Rifiuta cure immediate;0;NON DECEDUTO;Non accertato;Inesploso
2770297;8;11/04/2016 18:20;Statale entro l'abitato;VIA CASILINA;da specificare;;;;PROX GRA DIR RM CENTRO;Tamponamento Multiplo;Rettilineo;Una carreggiata a senso unico di marcia;Asciutto;Asfaltata;Verticale ed orizzontale;Sereno;Intenso;Buona;Ore Diurne;5;0;0;0;12.60212;41.86609;-1;3;Autovettura privata;In marcia / fermata / arresto;Conducente;M;Rifiuta cure immediate;0;NON DECEDUTO;Non accertato;Inesploso
2770297;8;11/04/2016 18:20;Statale entro l'abitato;VIA CASILINA;da specificare;;;;PROX GRA DIR RM CENTRO;Tamponamento Multiplo;Rettilineo;Una carreggiata a senso unico di marcia;Asciutto;Asfaltata;Verticale ed orizzontale;Sereno;Intenso;Buona;Ore Diurne;5;0;0;0;12.60212;41.86609;-1;3;Autovettura privata;In marcia / fermata / arresto;Passeggero;M;Rifiuta cure immediate;0;NON DECEDUTO;Non accertato;Esploso
2770297;8;11/04/2016 18:20;Statale entro l'abitato;VIA CASILINA;da specificare;;;;PROX GRA DIR RM CENTRO;Tamponamento Multiplo;Rettilineo;Una carreggiata a senso unico di marcia;Asciutto;Asfaltata;Verticale ed orizzontale;Sereno;Intenso;Buona;Ore Diurne;5;0;0;0;12.60212;41.86609;-1;4;Autovettura privata;In marcia / fermata / arresto;Conducente;F;Ricoverato;0;NON DECEDUTO;Non accertato;Inesploso
2770298;8;11/04/2016 18:55;Strada Urbana;VIA SAN BIAGIO PLATANI;in prossimità;;del civico n.;262;;Scontro frontale/laterale SX fra veicoli in marcia;Rettilineo;Una carreggiata a senso unico di marcia;Asciutto;Asfaltata;Verticale ed orizzontale;Sereno;Scarso;Sufficiente;Sufficiente;0;0;0;2;12.64651;41.87331;-1;1;Autovettura privata;In marcia / fermata / arresto;Conducente;M;Illeso;0;;Non accertato;Inesploso
2770298;8;11/04/2016 18:55;Strada Urbana;VIA SAN BIAGIO PLATANI;in prossimità;;del civico n.;262;;Scontro frontale/laterale SX fra veicoli in marcia;Rettilineo;Una carreggiata a senso unico di marcia;Asciutto;Asfaltata;Verticale ed orizzontale;Sereno;Scarso;Sufficiente;Sufficiente;0;0;0;2;12.64651;41.87331;-1;2;Autovettura privata;In marcia / fermata / arresto;Conducente;M;Illeso;0;;Non accertato;Inesploso
2770301;8;11/04/2016 15:55;Strada Urbana;VIA DEL FOSSO DI S. MAURA;in prossimità;;del palo luce n.;29/33;;Scontro laterale fra veicoli in marcia;Rettilineo;Due carreggiate;Asciutto;Asfaltata;Orizzontale;Sereno;Normale;Buona;Ore Diurne;0;0;0;2;12.59427;41.858;-1;1;Autovettura privata;In marcia / fermata / arresto;Conducente;M;Illeso;0;;Non accertato;Inesploso
2770301;8;11/04/2016 15:55;Strada Urbana;VIA DEL FOSSO DI S. MAURA;in prossimità;;del palo luce n.;29/33;;Scontro laterale fra veicoli in marcia;Rettilineo;Due carreggiate;Asciutto;Asfaltata;Orizzontale;Sereno;Normale;Buona;Ore Diurne;0;0;0;2;12.59427;41.858;-1;2;Autovettura privata;In marcia / fermata / arresto;Conducente;M;Illeso;0;;Non accertato;Inesploso
2770303;8;11/04/2016 12:40;Strada Urbana;VIA MICHELE BUONORI;in prossimità;;del civico n.;15;;Veicolo in marcia contro veicolo arresto;Rettilineo;Una carreggiata a doppio senso;Asciutto;Asfaltata;Verticale ed orizzontale;Sereno;Normale;Buona;Ore Diurne;0;0;0;5;12.63131;41.86776;-1;1;Autovettura privata;In marcia / fermata / arresto;Conducente;F;Illeso;0;;Non accertato;
2770303;8;11/04/2016 12:40;Strada Urbana;VIA MICHELE BUONORI;in prossimità;;del civico n.;15;;Veicolo in marcia contro veicolo arresto;Rettilineo;Una carreggiata a doppio senso;Asciutto;Asfaltata;Verticale ed orizzontale;Sereno;Normale;Buona;Ore Diurne;0;0;0;5;12.63131;41.86776;-1;1;Autovettura privata;In marcia / fermata / arresto;Passeggero;F;Illeso;0;;Non accertato;
2770303;8;11/04/2016 12:40;Strada Urbana;VIA MICHELE BUONORI;in prossimità;;del civico n.;15;;Veicolo in marcia contro veicolo arresto;Rettilineo;Una carreggiata a doppio senso;Asciutto;Asfaltata;Verticale ed orizzontale;Sereno;Normale;Buona;Ore Diurne;0;0;0;5;12.63131;41.86776;-1;1;Autovettura privata;In marcia / fermata / arresto;Passeggero;M;Illeso;0;;Non accertato;
2770303;8;11/04/2016 12:40;Strada Urbana;VIA MICHELE BUONORI;in prossimità;;del civico n.;15;;Veicolo in marcia contro veicolo arresto;Rettilineo;Una carreggiata a doppio senso;Asciutto;Asfaltata;Verticale ed orizzontale;Sereno;Normale;Buona;Ore Diurne;0;0;0;5;12.63131;41.86776;-1;1;Autovettura privata;In marcia / fermata / arresto;Passeggero;F;Illeso;0;;Non accertato;
2770303;8;11/04/2016 12:40;Strada Urbana;VIA MICHELE BUONORI;in prossimità;;del civico n.;15;;Veicolo in marcia contro veicolo arresto;Rettilineo;Una carreggiata a doppio senso;Asciutto;Asfaltata;Verticale ed orizzontale;Sereno;Normale;Buona;Ore Diurne;0;0;0;5;12.63131;41.86776;-1;2;Autovettura privata;In marcia / fermata / arresto;Conducente;F;Illeso;0;;Non accertato;Inesploso
2770307;8;11/04/2016 08:30;Statale entro l'abitato;VIA CASILINA;da specificare;;;;PROX VIA DEL TORRACCIO DI TORRENOVA;Scontro laterale fra veicoli in marcia;Rettilineo;Due carreggiate;Asciutto;Asfaltata;Verticale ed orizzontale;Sereno;Normale;Buona;Ore Diurne;0;0;0;2;12.63235;41.86322;-1;1;Autoarticolato;In marcia / fermata / arresto;Conducente;M;Illeso;0;;;
2770307;8;11/04/2016 08:30;Statale entro l'abitato;VIA CASILINA;da specificare;;;;PROX VIA DEL TORRACCIO DI TORRENOVA;Scontro laterale fra veicoli in marcia;Rettilineo;Due carreggiate;Asciutto;Asfaltata;Verticale ed orizzontale;Sereno;Normale;Buona;Ore Diurne;0;0;0;2;12.63235;41.86322;-1;2;Autovettura privata;In marcia / fermata / arresto;Conducente;M;Illeso;0;;;
2770318;8;11/04/2016 21:20;Statale entro l'abitato;VIA CASILINA VECCHIA;all'intersezione con;VIA DEI COLOMBI;VIA DEI COLOMBI;;;Scontro laterale fra veicoli in marcia;Intersezione semaforizzata;Una carreggiata a doppio senso;Asciutto;Asfaltata;Verticale ed orizzontale;Sereno;Normale;Sufficiente;Sufficiente;4;0;0;1;12.5927;41.86723;-1;;;;Pedone;M;Illeso;0;;;
2770318;8;11/04/2016 21:20;Statale entro l'abitato;VIA CASILINA VECCHIA;all'intersezione con;VIA DEI COLOMBI;VIA DEI COLOMBI;;;Scontro laterale fra veicoli in marcia;Intersezione semaforizzata;Una carreggiata a doppio senso;Asciutto;Asfaltata;Verticale ed orizzontale;Sereno;Normale;Sufficiente;Sufficiente;4;0;0;1;12.5927;41.86723;-1;;;;Pedone;M;Rifiuta cure immediate;0;NON DECEDUTO;;
2770318;8;11/04/2016 21:20;Statale entro l'abitato;VIA CASILINA VECCHIA;all'intersezione con;VIA DEI COLOMBI;VIA DEI COLOMBI;;;Scontro laterale fra veicoli in marcia;Intersezione semaforizzata;Una carreggiata a doppio senso;Asciutto;Asfaltata;Verticale ed orizzontale;Sereno;Normale;Sufficiente;Sufficiente;4;0;0;1;12.5927;41.86723;-1;1;Autovettura privata;In marcia / fermata / arresto;Conducente;M;Rimandato;0;NON DECEDUTO;Non accertato;Inesploso
2770318;8;11/04/2016 21:20;Statale entro l'abitato;VIA CASILINA VECCHIA;all'intersezione con;VIA DEI COLOMBI;VIA DEI COLOMBI;;;Scontro laterale fra veicoli in marcia;Intersezione semaforizzata;Una carreggiata a doppio senso;Asciutto;Asfaltata;Verticale ed orizzontale;Sereno;Normale;Sufficiente;Sufficiente;4;0;0;1;12.5927;41.86723;-1;1;Autovettura privata;In marcia / fermata / arresto;Passeggero;F;Rimandato;0;NON DECEDUTO;;
2770318;8;11/04/2016 21:20;Statale entro l'abitato;VIA CASILINA VECCHIA;all'intersezione con;VIA DEI COLOMBI;VIA DEI COLOMBI;;;Scontro laterale fra veicoli in marcia;Intersezione semaforizzata;Una carreggiata a doppio senso;Asciutto;Asfaltata;Verticale ed orizzontale;Sereno;Normale;Sufficiente;Sufficiente;4;0;0;1;12.5927;41.86723;-1;2;Autovettura privata;In marcia / fermata / arresto;Conducente;M;Rimandato;0;NON DECEDUTO;;
2770342;5;11/04/2016 17:15;Strada Urbana;VIA FILOTTRANO;in corrispondenza;;del civico n.;48;;Veicolo in marcia contro ostacolo accidentale;Rettilineo;Una carreggiata a doppio senso;Asciutto;Asfaltata;Verticale;Sereno;Scarso;Buona;Ore Diurne;0;0;0;1;12.5837;41.94031;-1;1;Autovettura privata;In marcia / fermata / arresto;Conducente;M;Illeso;0;;Non accertato;Inesistente
2770351;5;11/04/2016 17:50;Strada Urbana;VIA GENNARO CASSIANI;in prossimità;;del civico n.;74;;Scontro frontale/laterale SX fra veicoli in marcia;Rettilineo;Una carreggiata a doppio senso;Asciutto;Asfaltata;Verticale ed orizzontale;Sereno;Normale;Buona;Ore Diurne;1;0;0;1;12.56858;41.91581;-1;1;Autovettura privata;In marcia / fermata / arresto;Conducente;F;Illeso;0;;Non accertato;Inesistente
2770351;5;11/04/2016 17:50;Strada Urbana;VIA GENNARO CASSIANI;in prossimità;;del civico n.;74;;Scontro frontale/laterale SX fra veicoli in marcia;Rettilineo;Una carreggiata a doppio senso;Asciutto;Asfaltata;Verticale ed orizzontale;Sereno;Normale;Buona;Ore Diurne;1;0;0;1;12.56858;41.91581;-1;2;Motociclo a solo;In marcia / fermata / arresto;Conducente;M;Ricoverato;0;NON DECEDUTO;Non accertato;
2770356;11;11/04/2016 18:15;Strada Urbana;VIA OSTIENSE;da specificare;;;;prossimità palo luce 149;Scontro laterale fra veicoli in marcia;Rettilineo;Più di due carreggiate;Asciutto;Asfaltata;Verticale ed orizzontale;Sereno;Scarso;Buona;Sufficiente;1;0;0;1;12.45895;41.83686;-1;1;Motociclo a solo;In marcia / fermata / arresto;Conducente;M;Rimandato;0;NON DECEDUTO;Non accertato;
2770356;11;11/04/2016 18:15;Strada Urbana;VIA OSTIENSE;da specificare;;;;prossimità palo luce 149;Scontro laterale fra veicoli in marcia;Rettilineo;Più di due carreggiate;Asciutto;Asfaltata;Verticale ed orizzontale;Sereno;Scarso;Buona;Sufficiente;1;0;0;1;12.45895;41.83686;-1;2;Autovettura privata;In marcia / fermata / arresto;Conducente;M;Illeso;0;;Non accertato;
2770362;5;11/04/2016 18:30;Strada Urbana;VIA DI GROTTA DI GREGNA;da specificare;;;;ALTEZZA ROTATORIA SACCO E VANZETTI;Scontro laterale fra veicoli in marcia;Rotatoria;Due carreggiate;Asciutto;Asfaltata;Verticale;Sereno;Intenso;Buona;Ore Diurne;0;0;0;2;12.56495;41.90882;-1;1;Autovettura privata;In marcia / fermata / arresto;Conducente;M;Illeso;0;;Non accertato;
2770362;5;11/04/2016 18:30;Strada Urbana;VIA DI GROTTA DI GREGNA;da specificare;;;;ALTEZZA ROTATORIA SACCO E VANZETTI;Scontro laterale fra veicoli in marcia;Rotatoria;Due carreggiate;Asciutto;Asfaltata;Verticale;Sereno;Intenso;Buona;Ore Diurne;0;0;0;2;12.56495;41.90882;-1;2;Autovettura privata;In marcia / fermata / arresto;Conducente;F;Illeso;0;;Non accertato;
2770367;5;11/04/2016 18:55;Strada Urbana;VIA BELMONTE IN SABINA;da specificare;;;;inversione di marcia direzione G.R.A.;Scontro laterale fra veicoli in marcia;Rettilineo;Due carreggiate;Asciutto;Asfaltata;Orizzontale;Sereno;Intenso;Sufficiente;Sufficiente;1;0;0;1;12.596;41.94769;-1;1;Autovettura privata;In marcia / fermata / arresto;Conducente;M;Illeso;0;;Non accertato;
2770367;5;11/04/2016 18:55;Strada Urbana;VIA BELMONTE IN SABINA;da specificare;;;;inversione di marcia direzione G.R.A.;Scontro laterale fra veicoli in marcia;Rettilineo;Due carreggiate;Asciutto;Asfaltata;Orizzontale;Sereno;Intenso;Sufficiente;Sufficiente;1;0;0;1;12.596;41.94769;-1;2;Motociclo a solo;In marcia / fermata / arresto;Conducente;M;Rimandato;0;NON DECEDUTO;Non accertato;
2770371;7;11/04/2016 07:45;Strada Urbana;VIA COLLATINA;in corrispondenza;;del civico n.;109;;Scontro frontale fra veicoli in marcia;Rettilineo;Una carreggiata a doppio senso;Bagnato (pioggia);Asfaltata;Verticale ed orizzontale;Sereno;Normale;Buona;Ore Diurne;1;0;0;1;12.56876;41.90137;-1;1;Autovettura privata;In marcia / fermata / arresto;Conducente;F;Illeso;0;;Non accertato;Inesploso
2770371;7;11/04/2016 07:45;Strada Urbana;VIA COLLATINA;in corrispondenza;;del civico n.;109;;Scontro frontale fra veicoli in marcia;Rettilineo;Una carreggiata a doppio senso;Bagnato (pioggia);Asfaltata;Verticale ed orizzontale;Sereno;Normale;Buona;Ore Diurne;1;0;0;1;12.56876;41.90137;-1;2;Motociclo con passeggero;In marcia / fermata / arresto;Conducente;M;Rimandato;0;NON DECEDUTO;;
2770378;11;11/04/2016 18:10;Strada Urbana;VIA DEL SERAFICO;da specificare;;;;ALTEZZA VIA P.G. LAIS;Scontro frontale/laterale DX fra veicoli in marcia;Rettilineo;Una carreggiata a doppio senso;Asciutto;Asfaltata;Verticale ed orizzontale;Sereno;Normale;Buona;Ore Diurne;1;0;0;1;12.48679;41.83027;-1;1;Motociclo a solo;In marcia / fermata / arresto;Conducente;M;Rimandato;0;NON DECEDUTO;;
2770378;11;11/04/2016 18:10;Strada Urbana;VIA DEL SERAFICO;da specificare;;;;ALTEZZA VIA P.G. LAIS;Scontro frontale/laterale DX fra veicoli in marcia;Rettilineo;Una carreggiata a doppio senso;Asciutto;Asfaltata;Verticale ed orizzontale;Sereno;Normale;Buona;Ore Diurne;1;0;0;1;12.48679;41.83027;-1;2;Autovettura privata;In marcia / fermata / arresto;Conducente;F;Illeso;0;;Non accertato;
2770383;1;10/04/2016 12:30;Strada Urbana;LUNGOTEVERE AVENTINO;in prossimità;;del civico n.;5;;Scontro frontale/laterale DX fra veicoli in marcia;Rettilineo;Una carreggiata a senso unico di marcia;Asciutto;Asfaltata;Verticale ed orizzontale;Sereno;Normale;Buona;Ore Diurne;2;0;0;2;12.47998;41.88621;-1;1;Autovettura privata;In marcia / fermata / arresto;Conducente;M;Illeso;0;;Non accertato;Inesploso
2770383;1;10/04/2016 12:30;Strada Urbana;LUNGOTEVERE AVENTINO;in prossimità;;del civico n.;5;;Scontro frontale/laterale DX fra veicoli in marcia;Rettilineo;Una carreggiata a senso unico di marcia;Asciutto;Asfaltata;Verticale ed orizzontale;Sereno;Normale;Buona;Ore Diurne;2;0;0;2;12.47998;41.88621;-1;1;Autovettura privata;In marcia / fermata / arresto;Passeggero;F;Illeso;0;;Non accertato;
2770383;1;10/04/2016 12:30;Strada Urbana;LUNGOTEVERE AVENTINO;in prossimità;;del civico n.;5;;Scontro frontale/laterale DX fra veicoli in marcia;Rettilineo;Una carreggiata a senso unico di marcia;Asciutto;Asfaltata;Verticale ed orizzontale;Sereno;Normale;Buona;Ore Diurne;2;0;0;2;12.47998;41.88621;-1;2;Motociclo a solo;In marcia / fermata / arresto;Conducente;M;Rimandato;0;NON DECEDUTO;;
2770383;1;10/04/2016 12:30;Strada Urbana;LUNGOTEVERE AVENTINO;in prossimità;;del civico n.;5;;Scontro frontale/laterale DX fra veicoli in marcia;Rettilineo;Una carreggiata a senso unico di marcia;Asciutto;Asfaltata;Verticale ed orizzontale;Sereno;Normale;Buona;Ore Diurne;2;0;0;2;12.47998;41.88621;-1;2;Motociclo a solo;In marcia / fermata / arresto;Passeggero;M;Rimandato;0;NON DECEDUTO;Utilizzato;
2770386;20;11/04/2016 16:45;Regionale entro l'abitato;VIA FLAMINIA;in corrispondenza;;del civico n.;1113;;Scontro laterale fra veicoli in marcia;Rettilineo;Due carreggiate;Asciutto;Asfaltata;Verticale ed orizzontale;Sereno;Normale;Buona;Ore Diurne;0;0;0;2;12.48424;41.95371;-1;1;Autovettura privata;In marcia / fermata / arresto;Conducente;M;Illeso;0;;;
2770386;20;11/04/2016 16:45;Regionale entro l'abitato;VIA FLAMINIA;in corrispondenza;;del civico n.;1113;;Scontro laterale fra veicoli in marcia;Rettilineo;Due carreggiate;Asciutto;Asfaltata;Verticale ed orizzontale;Sereno;Normale;Buona;Ore Diurne;0;0;0;2;12.48424;41.95371;-1;2;Quadriciclo leggero;In marcia / fermata / arresto;Conducente;F;Illeso;0;;;
2770387;20;11/04/2016 19:00;Strada Urbana;VIALE DI TOR DI QUINTO;all'intersezione con;VIA PIETRO LUPI;VIA PIETRO LUPI;;;Infortunio per caduta del veicolo;Intersezione stradale segnalata;Una carreggiata a doppio senso;Asciutto;Asfaltata;Verticale ed orizzontale;Sereno;Intenso;Buona;Ore Diurne;0;0;0;2;12.47224;41.93747;-1;1;Autovettura privata;In marcia / fermata / arresto;Conducente;F;Illeso;0;;Non accertato;Inesploso
2770387;20;11/04/2016 19:00;Strada Urbana;VIALE DI TOR DI QUINTO;all'intersezione con;VIA PIETRO LUPI;VIA PIETRO LUPI;;;Infortunio per caduta del veicolo;Intersezione stradale segnalata;Una carreggiata a doppio senso;Asciutto;Asfaltata;Verticale ed orizzontale;Sereno;Intenso;Buona;Ore Diurne;0;0;0;2;12.47224;41.93747;-1;2;Motociclo a solo;In marcia / fermata / arresto;Conducente;M;Illeso;0;;Non accertato;
2770389;19;11/04/2016 08:55;Strada Urbana;VIA DEL PODERE TRIESTE;in prossimità;;del civico n.;19;;Scontro frontale/laterale DX fra veicoli in marcia;Rettilineo;Una carreggiata a doppio senso;Asciutto;Asfaltata;Assente;Sereno;Scarso;Buona;Ore Diurne;3;0;0;2;12.40134;41.9242;-1;1;Autovettura privata;In marcia / fermata / arresto;Conducente;F;Rifiuta cure immediate;0;NON DECEDUTO;;
2770389;19;11/04/2016 08:55;Strada Urbana;VIA DEL PODERE TRIESTE;in prossimità;;del civico n.;19;;Scontro frontale/laterale DX fra veicoli in marcia;Rettilineo;Una carreggiata a doppio senso;Asciutto;Asfaltata;Assente;Sereno;Scarso;Buona;Ore Diurne;3;0;0;2;12.40134;41.9242;-1;1;Autovettura privata;In marcia / fermata / arresto;Passeggero;M;Rifiuta cure immediate;0;NON DECEDUTO;;
2770389;19;11/04/2016 08:55;Strada Urbana;VIA DEL PODERE TRIESTE;in prossimità;;del civico n.;19;;Scontro frontale/laterale DX fra veicoli in marcia;Rettilineo;Una carreggiata a doppio senso;Asciutto;Asfaltata;Assente;Sereno;Scarso;Buona;Ore Diurne;3;0;0;2;12.40134;41.9242;-1;1;Autovettura privata;In marcia / fermata / arresto;Passeggero;F;Illeso;0;;;
2770389;19;11/04/2016 08:55;Strada Urbana;VIA DEL PODERE TRIESTE;in prossimità;;del civico n.;19;;Scontro frontale/laterale DX fra veicoli in marcia;Rettilineo;Una carreggiata a doppio senso;Asciutto;Asfaltata;Assente;Sereno;Scarso;Buona;Ore Diurne;3;0;0;2;12.40134;41.9242;-1;1;Autovettura privata;In marcia / fermata / arresto;Passeggero;F;Illeso;0;;;
2770389;19;11/04/2016 08:55;Strada Urbana;VIA DEL PODERE TRIESTE;in prossimità;;del civico n.;19;;Scontro frontale/laterale DX fra veicoli in marcia;Rettilineo;Una carreggiata a doppio senso;Asciutto;Asfaltata;Assente;Sereno;Scarso;Buona;Ore Diurne;3;0;0;2;12.40134;41.9242;-1;2;Autovettura privata;In marcia / fermata / arresto;Conducente;F;Rifiuta cure immediate;0;NON DECEDUTO;;
2770394;11;11/04/2016 13:30;Strada Urbana;VIA DELL'ALMONE;in corrispondenza;;del civico n.;10;;Tamponamento Multiplo;Rettilineo;Una carreggiata a doppio senso;Asciutto;Asfaltata;Verticale ed orizzontale;Sereno;Normale;Buona;Ore Diurne;1;0;0;2;12.53312;41.85949;-1;1;Autovettura privata;In marcia / fermata / arresto;Conducente;F;Illeso;0;;Non accertato;
2770394;11;11/04/2016 13:30;Strada Urbana;VIA DELL'ALMONE;in corrispondenza;;del civico n.;10;;Tamponamento Multiplo;Rettilineo;Una carreggiata a doppio senso;Asciutto;Asfaltata;Verticale ed orizzontale;Sereno;Normale;Buona;Ore Diurne;1;0;0;2;12.53312;41.85949;-1;2;Autovettura privata;In marcia / fermata / arresto;Conducente;F;Rimandato;0;NON DECEDUTO;;
2770394;11;11/04/2016 13:30;Strada Urbana;VIA DELL'ALMONE;in corrispondenza;;del civico n.;10;;Tamponamento Multiplo;Rettilineo;Una carreggiata a doppio senso;Asciutto;Asfaltata;Verticale ed orizzontale;Sereno;Normale;Buona;Ore Diurne;1;0;0;2;12.53312;41.85949;-1;3;Autocarro inferiore 35 q.;In marcia / fermata / arresto;Conducente;M;Illeso;0;;Non accertato;
2770399;19;11/04/2016 16:00;Strada Urbana;VIA GIOVANNI AGOSTINO DE COSMI;in prossimità;;del civico n.;f.c. 15;;Veicolo in marcia contro veicolo in sosta;Rettilineo;Una carreggiata a doppio senso;Asciutto;Asfaltata;Assente;Sereno;Normale;Buona;Ore Diurne;0;0;0;1;12.42926;41.9468;-1;1;Autovettura privata;In marcia / fermata / arresto;Conducente;F;Illeso;0;;;
2770402;5;11/04/2016 21:30;Strada Urbana;VIA TIBURTINA;all'intersezione semaforizzata con;VIA GALLA PLACIDIA;VIA GALLA PLACIDIA;;;Scontro frontale/laterale SX fra veicoli in marcia;Intersezione semaforizzata;Due carreggiate;Asciutto;Asfaltata;Verticale ed orizzontale;Sereno;Normale;Buona;Sufficiente;1;0;0;3;12.54268;41.90853;-1;1;Autovettura privata;In marcia / fermata / arresto;Conducente;M;Rimandato;0;NON DECEDUTO;Non accertato;
2770402;5;11/04/2016 21:30;Strada Urbana;VIA TIBURTINA;all'intersezione semaforizzata con;VIA GALLA PLACIDIA;VIA GALLA PLACIDIA;;;Scontro frontale/laterale SX fra veicoli in marcia;Intersezione semaforizzata;Due carreggiate;Asciutto;Asfaltata;Verticale ed orizzontale;Sereno;Normale;Buona;Sufficiente;1;0;0;3;12.54268;41.90853;-1;2;Autovettura privata;In marcia / fermata / arresto;Conducente;M;Illeso;0;;Non accertato;
2770402;5;11/04/2016 21:30;Strada Urbana;VIA TIBURTINA;all'intersezione semaforizzata con;VIA GALLA PLACIDIA;VIA GALLA PLACIDIA;;;Scontro frontale/laterale SX fra veicoli in marcia;Intersezione semaforizzata;Due carreggiate;Asciutto;Asfaltata;Verticale ed orizzontale;Sereno;Normale;Buona;Sufficiente;1;0;0;3;12.54268;41.90853;-1;2;Autovettura privata;In marcia / fermata / arresto;Passeggero;M;Illeso;0;;Non accertato;
2770402;5;11/04/2016 21:30;Strada Urbana;VIA TIBURTINA;all'intersezione semaforizzata con;VIA GALLA PLACIDIA;VIA GALLA PLACIDIA;;;Scontro frontale/laterale SX fra veicoli in marcia;Intersezione semaforizzata;Due carreggiate;Asciutto;Asfaltata;Verticale ed orizzontale;Sereno;Normale;Buona;Sufficiente;1;0;0;3;12.54268;41.90853;-1;2;Autovettura privata;In marcia / fermata / arresto;Passeggero;F;Illeso;0;;Non accertato;
2770405;20;11/04/2016 15:00;Strada Urbana;VIA ISCHIA DI CASTRO;in prossimità;;del civico n.;154;;Veicolo in marcia contro ostacolo accidentale;Rettilineo;Una carreggiata a doppio senso;Asciutto;Asfaltata;Verticale ed orizzontale;Sereno;Normale;Buona;Ore Diurne;2;0;0;1;12.45076;41.96849;-1;1;Autovettura privata;In marcia / fermata / arresto;Conducente;M;Rifiuta cure immediate;0;NON DECEDUTO;Non accertato;Inesploso
2770405;20;11/04/2016 15:00;Strada Urbana;VIA ISCHIA DI CASTRO;in prossimità;;del civico n.;154;;Veicolo in marcia contro ostacolo accidentale;Rettilineo;Una carreggiata a doppio senso;Asciutto;Asfaltata;Verticale ed orizzontale;Sereno;Normale;Buona;Ore Diurne;2;0;0;1;12.45076;41.96849;-1;1;Autovettura privata;In marcia / fermata / arresto;Passeggero;F;Rimandato;0;NON DECEDUTO;Non accertato;Inesploso
2770405;20;11/04/2016 15:00;Strada Urbana;VIA ISCHIA DI CASTRO;in prossimità;;del civico n.;154;;Veicolo in marcia contro ostacolo accidentale;Rettilineo;Una carreggiata a doppio senso;Asciutto;Asfaltata;Verticale ed orizzontale;Sereno;Normale;Buona;Ore Diurne;2;0;0;1;12.45076;41.96849;-1;2;Autocarro inferiore 35 q.;In marcia / fermata / arresto;Conducente;M;Illeso;0;;;