Protocollo;Gruppo;DataOraIncidente;Localizzazione1;STRADA1;Localizzazione2;STRADA2;Strada02;Chilometrica;DaSpecificare;NaturaIncidente;particolaritastrade;TipoStrada;FondoStradale;Pavimentazione;Segnaletica;CondizioneAtmosferica;Traffico;Visibilita;Illuminazione;NUM_FERITI;NUM_RISERVATA;NUM_MORTI;NUM_ILLESI;Longitudine;Latitudine;Confermato;Progressivo;TipoVeicolo;StatoVeicolo;TipoPersona;Sesso;Tipolesione;Deceduto;DecedutoDopo;CinturaCascoUtilizzato;Airbag
2773471;8;13/04/2016 09:10;Statale entro l'abitato;VIA CASILINA;in prossimità;;del civico n.;1930;;Scontro laterale fra veicoli in marcia;Rettilineo;Una carreggiata a doppio senso;Asciutto;Asfaltata;Verticale ed orizzontale;Nuvoloso;Normale;Buona;Ore Diurne;0;0;0;2;12.69675;41.86382;-1;1;Autovettura privata;In marcia / fermata / arresto;Conducente;M;Illeso;0;;;
2773471;8;13/04/2016 09:10;Statale entro l'abitato;VIA CASILINA;in prossimità;;del civico n.;1930;;Scontro laterale fra veicoli in marcia;Rettilineo;Una carreggiata a doppio senso;Asciutto;Asfaltata;Verticale ed orizzontale;Nuvoloso;Normale;Buona;Ore Diurne;0;0;0;2;12.69675;41.86382;-1;2;Autovettura privata;In marcia / fermata / arresto;Conducente;M;Illeso;0;;;
2773474;5;13/04/2016 07:50;Strada Urbana;VIALE SACCO E VANZETTI;in prossimità;;del civico n.;26;;Investimento di pedone;Rettilineo;Due carreggiate;Asciutto;Asfaltata;Verticale ed orizzontale;Sereno;Normale;Buona;Ore Diurne;2;0;0;1;12.56635;41.9087;-1;;;;Pedone;M;Rimandato;0;NON DECEDUTO;;
2773474;5;13/04/2016 07:50;Strada Urbana;VIALE SACCO E VANZETTI;in prossimità;;del civico n.;26;;Investimento di pedone;Rettilineo;Due carreggiate;Asciutto;Asfaltata;Verticale ed orizzontale;Sereno;Normale;Buona;Ore Diurne;2;0;0;1;12.56635;41.9087;-1;;;;Pedone;M;Rimandato;0;NON DECEDUTO;;
2773474;5;13/04/2016 07:50;Strada Urbana;VIALE SACCO E VANZETTI;in prossimità;;del civico n.;26;;Investimento di pedone;Rettilineo;Due carreggiate;Asciutto;Asfaltata;Verticale ed orizzontale;Sereno;Normale;Buona;Ore Diurne;2;0;0;1;12.56635;41.9087;-1;1;Autovettura privata;In marcia / fermata / arresto;Conducente;F;Illeso;0;;Non accertato;Inesploso
2773480;11;13/04/2016 07:00;Strada Urbana;CIRCONVALLAZIONE MERIDIONALE;all'intersezione con;VIA ARDEATINA;VIA ARDEATINA;;;Scontro frontale/laterale DX fra veicoli in marcia;Intersezione stradale segnalata;Una carreggiata a doppio senso;Asciutto;Asfaltata;Verticale ed orizzontale;Nuvoloso;Intenso;Buona;Ore Diurne;0;0;0;3;12.57982;41.82127;-1;1;Autovettura privata;In marcia / fermata / arresto;Conducente;M;Illeso;0;;Non accertato;Inesploso
2773480;11;13/04/2016 07:00;Strada Urbana;CIRCONVALLAZIONE MERIDIONALE;all'intersezione con;VIA ARDEATINA;VIA ARDEATINA;;;Scontro frontale/laterale DX fra veicoli in marcia;Intersezione stradale segnalata;Una carreggiata a doppio senso;Asciutto;Asfaltata;Verticale ed orizzontale;Nuvoloso;Intenso;Buona;Ore Diurne;0;0;0;3;12.57982;41.82127;-1;1;Autovettura privata;In marcia / fermata / arresto;Passeggero;M;Illeso;0;;Non accertato;Inesploso
2773480;11;13/04/2016 07:00;Strada Urbana;CIRCONVALLAZIONE MERIDIONALE;all'intersezione con;VIA ARDEATINA;VIA ARDEATINA;;;Scontro frontale/laterale DX fra veicoli in marcia;Intersezione stradale segnalata;Una carreggiata a doppio senso;Asciutto;Asfaltata;Verticale ed orizzontale;Nuvoloso;Intenso;Buona;Ore Diurne;0;0;0;3;12.57982;41.82127;-1;2;Autocarro inferiore 35 q.;In marcia / fermata / arresto;Conducente;M;Illeso;0;;Non accertato;Inesploso
2773487;20;13/04/2016 16:10;Strada Urbana;VIA DELLA FARNESINA;in prossimità;;del civico n.;238;;Scontro frontale/laterale SX fra veicoli in marcia;Rettilineo;Una carreggiata a doppio senso;Asciutto;Asfaltata;Assente;Sereno;Normale;Buona;Ore Diurne;0;0;0;3;12.45815;41.94266;-1;1;Autovettura privata;In marcia / fermata / arresto;Conducente;M;Illeso;0;;Non accertato;Inesploso
2773487;20;13/04/2016 16:10;Strada Urbana;VIA DELLA FARNESINA;in prossimità;;del civico n.;238;;Scontro frontale/laterale SX fra veicoli in marcia;Rettilineo;Una carreggiata a doppio senso;Asciutto;Asfaltata;Assente;Sereno;Normale;Buona;Ore Diurne;0;0;0;3;12.45815;41.94266;-1;1;Autovettura privata;In marcia / fermata / arresto;Passeggero;F;Illeso;0;;Non accertato;Inesploso
2773487;20;13/04/2016 16:10;Strada Urbana;VIA DELLA FARNESINA;in prossimità;;del civico n.;238;;Scontro frontale/laterale SX fra veicoli in marcia;Rettilineo;Una carreggiata a doppio senso;Asciutto;Asfaltata;Assente;Sereno;Normale;Buona;Ore Diurne;0;0;0;3;12.45815;41.94266;-1;2;Autovettura privata;In marcia / fermata / arresto;Conducente;F;Illeso;0;;Non accertato;Inesploso
2773489;9;14/04/2016 05:30;Strada Urbana;VIA QUINTILIO VARO;all'intersezione semaforizzata con;VIALE TITO LABIENO;VIALE TITO LABIENO;;;Scontro frontale/laterale SX fra veicoli in marcia;Incrocio;Una carreggiata a senso unico di marcia;Asciutto;Asfaltata;Verticale ed orizzontale;Sereno;Scarso;Buona;Sufficiente;0;0;0;2;12.56505;41.85363;-1;1;Autovettura privata;In marcia / fermata / arresto;Conducente;F;Illeso;0;;Non accertato;Inesploso
2773489;9;14/04/2016 05:30;Strada Urbana;VIA QUINTILIO VARO;all'intersezione semaforizzata con;VIALE TITO LABIENO;VIALE TITO LABIENO;;;Scontro frontale/laterale SX fra veicoli in marcia;Incrocio;Una carreggiata a senso unico di marcia;Asciutto;Asfaltata;Verticale ed orizzontale;Sereno;Scarso;Buona;Sufficiente;0;0;0;2;12.56505;41.85363;-1;2;Autovettura privata;In marcia / fermata / arresto;Conducente;M;Illeso;0;;Non accertato;Inesploso
2773510;20;14/04/2016 01:00;Strada Urbana;VIA SALARIA;da specificare;;;;corrisp. rampa accesso motorizzazione dir. GRA;Veicolo in marcia contro ostacolo fisso;Curva a visuale libera;Due carreggiate;Asciutto;Asfaltata;Verticale ed orizzontale;Sereno;Scarso;Sufficiente;Sufficiente;0;0;0;1;12.50624;41.96289;-1;1;Autovettura privata;In marcia / fermata / arresto;Conducente;M;Illeso;0;;;
2773515;11;13/04/2016 21:00;Strada Urbana;VIA DI ACILIA;all'intersezione semaforizzata con;VIA DI PRATO CORNELIO;VIA DI PRATO CORNELIO;;;Scontro frontale/laterale SX fra veicoli in marcia;Intersezione semaforizzata;Una carreggiata a doppio senso;Asciutto;Asfaltata;Verticale ed orizzontale;Sereno;Normale;Buona;Sufficiente;2;0;0;2;12.36948;41.77633;-1;1;Autovettura privata;In marcia / fermata / arresto;Conducente;M;Illeso;0;;Non accertato;
2773515;11;13/04/2016 21:00;Strada Urbana;VIA DI ACILIA;all'intersezione semaforizzata con;VIA DI PRATO CORNELIO;VIA DI PRATO CORNELIO;;;Scontro frontale/laterale SX fra veicoli in marcia;Intersezione semaforizzata;Una carreggiata a doppio senso;Asciutto;Asfaltata;Verticale ed orizzontale;Sereno;Normale;Buona;Sufficiente;2;0;0;2;12.36948;41.77633;-1;1;Autovettura privata;In marcia / fermata / arresto;Passeggero;F;Illeso;0;;Non accertato;
2773515;11;13/04/2016 21:00;Strada Urbana;VIA DI ACILIA;all'intersezione semaforizzata con;VIA DI PRATO CORNELIO;VIA DI PRATO CORNELIO;;;Scontro frontale/laterale SX fra veicoli in marcia;Intersezione semaforizzata;Una carreggiata a doppio senso;Asciutto;Asfaltata;Verticale ed orizzontale;Sereno;Normale;Buona;Sufficiente;2;0;0;2;12.36948;41.77633;-1;1;Autovettura privata;In marcia / fermata / arresto;Passeggero;F;Rimandato;0;NON DECEDUTO;;
2773515;11;13/04/2016 21:00;Strada Urbana;VIA DI ACILIA;all'intersezione semaforizzata con;VIA DI PRATO CORNELIO;VIA DI PRATO CORNELIO;;;Scontro frontale/laterale SX fra veicoli in marcia;Intersezione semaforizzata;Una carreggiata a doppio senso;Asciutto;Asfaltata;Verticale ed orizzontale;Sereno;Normale;Buona;Sufficiente;2;0;0;2;12.36948;41.77633;-1;2;Autovettura privata;In marcia / fermata / arresto;Conducente;M;Rimandato;0;NON DECEDUTO;;
2773516;11;13/04/2016 14:30;Strada Urbana;VIA DEL SERAFICO;in prossimità;;del civico n.;53;;Scontro frontale/laterale DX fra veicoli in marcia;Rettilineo;Due carreggiate;Asciutto;Asfaltata;Verticale ed orizzontale;Nuvoloso;Normale;Buona;Ore Diurne;0;0;0;2;12.48446;41.83011;-1;1;Autovettura privata;In marcia / fermata / arresto;Conducente;F;Illeso;0;;Non accertato;Inesploso
2773516;11;13/04/2016 14:30;Strada Urbana;VIA DEL SERAFICO;in prossimità;;del civico n.;53;;Scontro frontale/laterale DX fra veicoli in marcia;Rettilineo;Due carreggiate;Asciutto;Asfaltata;Verticale ed orizzontale;Nuvoloso;Normale;Buona;Ore Diurne;0;0;0;2;12.48446;41.83011;-1;2;Ciclomotore;In marcia / fermata / arresto;Conducente;F;Illeso;0;;Non accertato;
2773518;11;13/04/2016 11:45;Strada Urbana;VIALE GUGLIELMO MARCONI;in corrispondenza;;del civico n.;457;;Tamponamento;Rettilineo;Due carreggiate;Asciutto;Asfaltata;Verticale ed orizzontale;Sereno;Normale;Buona;Sufficiente;1;0;0;1;12.47178;41.85576;-1;1;Autovettura privata;In marcia / fermata / arresto;Conducente;M;Rimandato;0;NON DECEDUTO;;
2773518;11;13/04/2016 11:45;Strada Urbana;VIALE GUGLIELMO MARCONI;in corrispondenza;;del civico n.;457;;Tamponamento;Rettilineo;Due carreggiate;Asciutto;Asfaltata;Verticale ed orizzontale;Sereno;Normale;Buona;Sufficiente;1;0;0;1;12.47178;41.85576;-1;2;Autovettura privata;In marcia / fermata / arresto;Conducente;M;Illeso;0;;;
2773519;5;13/04/2016 08:50;Strada Urbana;VIA FABRIANO;all'intersezione con;VIA PERGOLA;VIA PERGOLA;;;Scontro frontale/laterale DX fra veicoli in marcia;Incrocio;Una carreggiata a doppio senso;Asciutto;Asfaltata;Verticale ed orizzontale;Sereno;Normale;Buona;Ore Diurne;1;0;0;2;12.58209;41.93871;-1;1;Autovettura privata;In marcia / fermata / arresto;Conducente;F;Rimandato;0;NON DECEDUTO;Non accertato;
2773519;5;13/04/2016 08:50;Strada Urbana;VIA FABRIANO;all'intersezione con;VIA PERGOLA;VIA PERGOLA;;;Scontro frontale/laterale DX fra veicoli in marcia;Incrocio;Una carreggiata a doppio senso;Asciutto;Asfaltata;Verticale ed orizzontale;Sereno;Normale;Buona;Ore Diurne;1;0;0;2;12.58209;41.93871;-1;2;Autocarro inferiore 35 q.;In marcia / fermata / arresto;Conducente;M;Illeso;0;;Non accertato;
2773519;5;13/04/2016 08:50;Strada Urbana;VIA FABRIANO;all'intersezione con;VIA PERGOLA;VIA PERGOLA;;;Scontro frontale/laterale DX fra veicoli in marcia;Incrocio;Una carreggiata a doppio senso;Asciutto;Asfaltata;Verticale ed orizzontale;Sereno;Normale;Buona;Ore Diurne;1;0;0;2;12.58209;41.93871;-1;2;Autocarro inferiore 35 q.;In marcia / fermata / arresto;Passeggero;M;Illeso;0;;Non accertato;
2773521;18;13/04/2016 10:10;Strada Urbana;VIA FRATEL GIUSEPPE LAZZARO;da specificare;;;;in prossimità di via FELICE LAZZARINO;Veicolo in marcia contro ostacolo accidentale;Rettilineo;Una carreggiata a doppio senso;Asciutto;Asfaltata;Verticale;Sereno;Scarso;Buona;Ore Diurne;0;0;0;1;12.40277;41.91386;-1;1;Autovettura privata;In marcia / fermata / arresto;Conducente;M;Illeso;0;;;
2773526;13;13/04/2016 20:00;Strada Urbana;VIA FABIANO LANDI;in prossimità;;del civico n.;149;;Veicolo in marcia contro ostacolo accidentale;Rettilineo;Una carreggiata a doppio senso;Bagnato (pioggia);Asfaltata;Verticale;Nuvoloso;Scarso;Buona;Sufficiente;2;0;0;0;12.37594;41.78744;-1;1;Motociclo con passeggero;In marcia / fermata / arresto;Conducente;F;Rimandato;0;NON DECEDUTO;Non accertato;
2773526;13;13/04/2016 20:00;Strada Urbana;VIA FABIANO LANDI;in prossimità;;del civico n.;149;;Veicolo in marcia contro ostacolo accidentale;Rettilineo;Una carreggiata a doppio senso;Bagnato (pioggia);Asfaltata;Verticale;Nuvoloso;Scarso;Buona;Sufficiente;2;0;0;0;12.37594;41.78744;-1;1;Motociclo con passeggero;In marcia / fermata / arresto;Passeggero;F;Rimandato;0;NON DECEDUTO;;
2773533;12;11/04/2016 21:30;Strada Urbana;VIALE GUGLIELMO MARCONI;in corrispondenza;;del civico n.;99;;Veicolo in marcia contro veicoli in sosta;Rettilineo;Due carreggiate;Asciutto;Asfaltata;Verticale ed orizzontale;Sereno;Scarso;Buona;Sufficiente;0;0;0;1;12.46843;41.86755;-1;1;Autovettura privata;In marcia / fermata / arresto;Conducente;M;Illeso;0;;Non accertato;Inesploso
2773538;5;13/04/2016 14:40;Strada Urbana;VIA DI PORTONACCIO;in prossimità;;del civico n.;126;;Tamponamento;Rettilineo;Due carreggiate;Asciutto;Asfaltata;Verticale ed orizzontale;Nuvoloso;Normale;Buona;Ore Diurne;0;0;0;3;12.53718;41.90006;-1;1;Autovettura privata;In marcia / fermata / arresto;Conducente;M;Illeso;0;;Non accertato;
2773538;5;13/04/2016 14:40;Strada Urbana;VIA DI PORTONACCIO;in prossimità;;del civico n.;126;;Tamponamento;Rettilineo;Due carreggiate;Asciutto;Asfaltata;Verticale ed orizzontale;Nuvoloso;Normale;Buona;Ore Diurne;0;0;0;3;12.53718;41.90006;-1;2;Autovettura privata;In marcia / fermata / arresto;Conducente;M;Illeso;0;;Non accertato;
2773538;5;13/04/2016 14:40;Strada Urbana;VIA DI PORTONACCIO;in prossimità;;del civico n.;126;;Tamponamento;Rettilineo;Due carreggiate;Asciutto;Asfaltata;Verticale ed orizzontale;Nuvoloso;Normale;Buona;Ore Diurne;0;0;0;3;12.53718;41.90006;-1;2;Autovettura privata;In marcia / fermata / arresto;Passeggero;M;Illeso;0;;Non accertato;
2773539;18;14/04/2016 03:30;Strada Urbana;VIA ANASTASIO II;in prossimità;;del civico n.;71;;Veicolo in marcia contro ostacolo fisso;Curva a visuale libera;Più di due carreggiate;Asciutto;Asfaltata;Verticale ed orizzontale;Sereno;Scarso;Buona;Sufficiente;0;0;0;1;12.44036;41.89719;-1;1;Autovettura privata;In marcia / fermata / arresto;Conducente;M;Illeso;0;;Non accertato;Inesploso
2773553;13;13/04/2016 19:40;Strada Urbana;VIA FABIANO LANDI;in prossimità;;del civico n.;149;;Veicolo in marcia contro ostacolo fisso;Rettilineo;Una carreggiata a doppio senso;Bagnato (pioggia);Asfaltata;Verticale;Nuvoloso;Scarso;Buona;Sufficiente;0;0;0;1;12.37594;41.78744;-1;1;Autovettura privata;In marcia / fermata / arresto;Conducente;F;Illeso;0;;Non accertato;Inesploso
2773555;13;13/04/2016 20:05;Strada Urbana;VIA FABIANO LANDI;in prossimità;;del civico n.;149;;Veicolo in marcia contro ostacolo accidentale;Rettilineo;Una carreggiata a doppio senso;Bagnato (pioggia);Asfaltata;Verticale;Nuvoloso;Scarso;Buona;Sufficiente;0;0;0;1;12.37594;41.78744;-1;1;Autovettura privata;In marcia / fermata / arresto;Conducente;M;Illeso;0;;Non accertato;Inesploso
2773556;5;13/04/2016 15:00;Strada Urbana;VIALE DEL TECNOPOLO;all'intersezione semaforizzata con;VIA DELLE CASE ROSSE;VIA DELLE CASE ROSSE;;;Tamponamento;Intersezione semaforizzata;Una carreggiata a doppio senso;Asciutto;Asfaltata;Verticale ed orizzontale;Sereno;Normale;Buona;Ore Diurne;0;0;0;2;12.63665;41.92742;-1;1;Autovettura privata;In marcia / fermata / arresto;Conducente;M;Illeso;0;;Non accertato;
2773556;5;13/04/2016 15:00;Strada Urbana;VIALE DEL TECNOPOLO;all'intersezione semaforizzata con;VIA DELLE CASE ROSSE;VIA DELLE CASE ROSSE;;;Tamponamento;Intersezione semaforizzata;Una carreggiata a doppio senso;Asciutto;Asfaltata;Verticale ed orizzontale;Sereno;Normale;Buona;Ore Diurne;0;0;0;2;12.63665;41.92742;-1;2;Autocarro inferiore 35 q.;In marcia / fermata / arresto;Conducente;M;Illeso;0;;Non accertato;
2773567;7;13/04/2016 18:30;Strada Urbana;VIA CASILINA;all'intersezione con;VIA DEL GRANO;VIA DEL GRANO;;;Scontro frontale/laterale DX fra veicoli in marcia;Intersezione semaforizzata;Una carreggiata a senso unico di marcia;Asciutto;Asfaltata;Verticale ed orizzontale;Sereno;Normale;Buona;Ore Diurne;1;0;0;2;12.57635;41.87204;-1;1;Autovettura privata;In marcia / fermata / arresto;Conducente;M;Illeso;0;;Non accertato;Inesploso
2773567;7;13/04/2016 18:30;Strada Urbana;VIA CASILINA;all'intersezione con;VIA DEL GRANO;VIA DEL GRANO;;;Scontro frontale/laterale DX fra veicoli in marcia;Intersezione semaforizzata;Una carreggiata a senso unico di marcia;Asciutto;Asfaltata;Verticale ed orizzontale;Sereno;Normale;Buona;Ore Diurne;1;0;0;2;12.57635;41.87204;-1;1;Autovettura privata;In marcia / fermata / arresto;Passeggero;F;Illeso;0;;Non accertato;Inesploso
2773567;7;13/04/2016 18:30;Strada Urbana;VIA CASILINA;all'intersezione con;VIA DEL GRANO;VIA DEL GRANO;;;Scontro frontale/laterale DX fra veicoli in marcia;Intersezione semaforizzata;Una carreggiata a senso unico di marcia;Asciutto;Asfaltata;Verticale ed orizzontale;Sereno;Normale;Buona;Ore Diurne;1;0;0;2;12.57635;41.87204;-1;2;Motociclo con passeggero;In marcia / fermata / arresto;Conducente;M;Ricoverato;0;NON DECEDUTO;Non accertato;
2773571;5;14/04/2016 00:10;Strada Urbana;VIA TEOFILO FOLENGO;all'intersezione con;VIA ANTONIO FOGAZZARO;VIA ANTONIO FOGAZZARO;;;Scontro frontale/laterale SX fra veicoli in marcia;Incrocio;Una carreggiata a senso unico di marcia;Asciutto;Asfaltata;Verticale;Sereno;Scarso;Sufficiente;Sufficiente;0;0;0;4;12.54862;41.94348;-1;1;Autovettura privata;In marcia / fermata / arresto;Conducente;M;Illeso;0;;Non accertato;Inesploso
2773571;5;14/04/2016 00:10;Strada Urbana;VIA TEOFILO FOLENGO;all'intersezione con;VIA ANTONIO FOGAZZARO;VIA ANTONIO FOGAZZARO;;;Scontro frontale/laterale SX fra veicoli in marcia;Incrocio;Una carreggiata a senso unico di marcia;Asciutto;Asfaltata;Verticale;Sereno;Scarso;Sufficiente;Sufficiente;0;0;0;4;12.54862;41.94348;-1;1;Autovettura privata;In marcia / fermata / arresto;Passeggero;M;Illeso;0;;Non accertato;Inesploso
2773571;5;14/04/2016 00:10;Strada Urbana;VIA TEOFILO FOLENGO;all'intersezione con;VIA ANTONIO FOGAZZARO;VIA ANTONIO FOGAZZARO;;;Scontro frontale/laterale SX fra veicoli in marcia;Incrocio;Una carreggiata a senso unico di marcia;Asciutto;Asfaltata;Verticale;Sereno;Scarso;Sufficiente;Sufficiente;0;0;0;4;12.54862;41.94348;-1;1;Autovettura privata;In marcia / fermata / arresto;Passeggero;M;Illeso;0;;Non accertato;Inesploso
2773571;5;14/04/2016 00:10;Strada Urbana;VIA TEOFILO FOLENGO;all'intersezione con;VIA ANTONIO FOGAZZARO;VIA ANTONIO FOGAZZARO;;;Scontro frontale/laterale SX fra veicoli in marcia;Incrocio;Una carreggiata a senso unico di marcia;Asciutto;Asfaltata;Verticale;Sereno;Scarso;Sufficiente;Sufficiente;0;0;0;4;12.54862;41.94348;-1;2;Autovettura privata;In marcia / fermata / arresto;Conducente;M;Illeso;0;;Non accertato;Inesploso
2773574;10;13/04/2016 09:00;Strada Urbana;VIA IGNAZIO SCIMONELLI;all'intersezione con;VIA PIETRO ROSANO;VIA PIETRO ROSANO;;;Scontro frontale fra veicoli in marcia;Intersezione stradale segnalata;Una carreggiata a doppio senso;Asciutto;Asfaltata;Verticale ed orizzontale;Sereno;Normale;Sufficiente;Ore Diurne;0;0;0;4;12.59466;41.84515;-1;1;Autovettura privata;In marcia / fermata / arresto;Conducente;F;Illeso;0;;Non accertato;Inesploso
2773574;10;13/04/2016 09:00;Strada Urbana;VIA IGNAZIO SCIMONELLI;all'intersezione con;VIA PIETRO ROSANO;VIA PIETRO ROSANO;;;Scontro frontale fra veicoli in marcia;Intersezione stradale segnalata;Una carreggiata a doppio senso;Asciutto;Asfaltata;Verticale ed orizzontale;Sereno;Normale;Sufficiente;Ore Diurne;0;0;0;4;12.59466;41.84515;-1;2;Autovettura privata;In marcia / fermata / arresto;Conducente;M;Illeso;0;;Non accertato;Inesploso
2773574;10;13/04/2016 09:00;Strada Urbana;VIA IGNAZIO SCIMONELLI;all'intersezione con;VIA PIETRO ROSANO;VIA PIETRO ROSANO;;;Scontro frontale fra veicoli in marcia;Intersezione stradale segnalata;Una carreggiata a doppio senso;Asciutto;Asfaltata;Verticale ed orizzontale;Sereno;Normale;Sufficiente;Ore Diurne;0;0;0;4;12.59466;41.84515;-1;2;Autovettura privata;In marcia / fermata / arresto;Passeggero;F;Illeso;0;;Non accertato;Inesploso
2773574;10;13/04/2016 09:00;Strada Urbana;VIA IGNAZIO SCIMONELLI;all'intersezione con;VIA PIETRO ROSANO;VIA PIETRO ROSANO;;;Scontro frontale fra veicoli in marcia;Intersezione stradale segnalata;Una carreggiata a doppio senso;Asciutto;Asfaltata;Verticale ed orizzontale;Sereno;Normale;Sufficiente;Ore Diurne;0;0;0;4;12.59466;41.84515;-1;3;Autovettura privata;In marcia / fermata / arresto;Conducente;M;Illeso;0;;Non accertato;Inesploso
2773576;10;13/04/2016 14:10;Strada Urbana;VIA ANAGNINA;all'intersezione con;VIA DI ACQUA ACETOSA ANAGNINA;VIA DI ACQUA ACETOSA ANAGNINA;;;Scontro frontale/laterale DX fra veicoli in marcia;Incrocio;Due carreggiate;Asciutto;Asfaltata;Verticale;Sereno;Normale;Buona;Ore Diurne;0;0;0;2;12.62025;41.81434;-1;1;Autocarro inferiore 35 q.;In marcia / fermata / arresto;Conducente;M;Illeso;0;;Non accertato;Inesploso
2773576;10;13/04/2016 14:10;Strada Urbana;VIA ANAGNINA;all'intersezione con;VIA DI ACQUA ACETOSA ANAGNINA;VIA DI ACQUA ACETOSA ANAGNINA;;;Scontro frontale/laterale DX fra veicoli in marcia;Incrocio;Due carreggiate;Asciutto;Asfaltata;Verticale;Sereno;Normale;Buona;Ore Diurne;0;0;0;2;12.62025;41.81434;-1;2;Autobus in extraurbana;In marcia / fermata / arresto;Conducente;M;Illeso;0;;;
2773579;6;13/04/2016 18:00;Strada Urbana;VIA ERASMO GATTAMELATA;all'intersezione con;VIA CONTE DI CARMAGNOLA;VIA CONTE DI CARMAGNOLA;;;Veicolo in marcia contro veicolo in sosta;Incrocio;Una carreggiata a senso unico di marcia;Asciutto;Asfaltata;Verticale ed orizzontale;Sereno;Normale;Buona;Ore Diurne;1;0;0;0;12.53644;41.89043;-1;1;Velocipede;In marcia / fermata / arresto;Conducente;M;Rimandato;0;NON DECEDUTO;Esente;
2773589;6;13/04/2016 18:40;Strada Urbana;VIA OLEVANO ROMANO;da specificare;;;;fronte via alatri;Veicolo in marcia contro veicoli in sosta;Rettilineo;Due carreggiate;Asciutto;Asfaltata;Verticale ed orizzontale;Sereno;Scarso;Buona;Ore Diurne;0;0;0;2;12.55523;41.89273;-1;1;Autobus turistico;In marcia / fermata / arresto;Conducente;M;Illeso;0;;;
2773589;6;13/04/2016 18:40;Strada Urbana;VIA OLEVANO ROMANO;da specificare;;;;fronte via alatri;Veicolo in marcia contro veicoli in sosta;Rettilineo;Due carreggiate;Asciutto;Asfaltata;Verticale ed orizzontale;Sereno;Scarso;Buona;Ore Diurne;0;0;0;2;12.55523;41.89273;-1;1;Autobus turistico;In marcia / fermata / arresto;Passeggero;F;Illeso;0;;;
2773598;13;13/04/2016 18:30;Strada Urbana;VIA DEL MARE;da specificare;;;;rampa immissione via Guido Calza;Veicolo in marcia contro ostacolo accidentale;Curva a visuale libera;Una carreggiata a senso unico di marcia;Asciutto;Asfaltata;Verticale ed orizzontale;Sereno;Normale;Buona;Ore Diurne;1;0;0;0;12.29905;41.75511;-1;1;Motociclo a solo;In marcia / fermata / arresto;Conducente;M;Rimandato;0;NON DECEDUTO;;
2773606;13;13/04/2016 15:10;Strada Urbana;VIA DEL MARE;all'intersezione semaforizzata con;VIA DELLE AZZORRE;VIA DELLE AZZORRE;;;Scontro frontale/laterale DX fra veicoli in marcia;Intersezione semaforizzata;Una carreggiata a doppio senso;Asciutto;Asfaltata;Verticale ed orizzontale;Sereno;Normale;Buona;Ore Diurne;2;0;0;1;12.48786;41.66404;-1;1;Autovettura privata;In marcia / fermata / arresto;Conducente;F;Rimandato;0;NON DECEDUTO;Non accertato;Inesploso
2773606;13;13/04/2016 15:10;Strada Urbana;VIA DEL MARE;all'intersezione semaforizzata con;VIA DELLE AZZORRE;VIA DELLE AZZORRE;;;Scontro frontale/laterale DX fra veicoli in marcia;Intersezione semaforizzata;Una carreggiata a doppio senso;Asciutto;Asfaltata;Verticale ed orizzontale;Sereno;Normale;Buona;Ore Diurne;2;0;0;1;12.48786;41.66404;-1;1;Autovettura privata;In marcia / fermata / arresto;Passeggero;F;Rimandato;0;NON DECEDUTO;;
2773606;13;13/04/2016 15:10;Strada Urbana;VIA DEL MARE;all'intersezione semaforizzata con;VIA DELLE AZZORRE;VIA DELLE AZZORRE;;;Scontro frontale/laterale DX fra veicoli in marcia;Intersezione semaforizzata;Una carreggiata a doppio senso;Asciutto;Asfaltata;Verticale ed orizzontale;Sereno;Normale;Buona;Ore Diurne;2;0;0;1;12.48786;41.66404;-1;2;Autovettura privata;In marcia / fermata / arresto;Conducente;M;Illeso;0;;Non accertato;Inesploso
2773608;7;13/04/2016 13:30;Strada Urbana;VIA PAPIRIA;in corrispondenza;;del civico n.;134;;Scontro frontale/laterale DX fra veicoli in marcia;Rettilineo;Una carreggiata a doppio senso;Asciutto;Asfaltata;Verticale ed orizzontale;Sereno;Scarso;Buona;Ore Diurne;1;0;0;1;12.56586;41.86264;-1;1;Autovettura privata;In marcia / fermata / arresto;Conducente;M;Illeso;0;;;
2773608;7;13/04/2016 13:30;Strada Urbana;VIA PAPIRIA;in corrispondenza;;del civico n.;134;;Scontro frontale/laterale DX fra veicoli in marcia;Rettilineo;Una carreggiata a doppio senso;Asciutto;Asfaltata;Verticale ed orizzontale;Sereno;Scarso;Buona;Ore Diurne;1;0;0;1;12.56586;41.86264;-1;2;Motociclo a solo;In marcia / fermata / arresto;Conducente;M;Rimandato;0;NON DECEDUTO;;
2773640;7;13/04/2016 21:00;Strada Urbana;VIA CASILINA;all'intersezione con;VIA BORGHESIANA;VIA BORGHESIANA;;;Tamponamento;Incrocio;Una carreggiata a doppio senso;Asciutto;Asfaltata;Verticale ed orizzontale;Sereno;Scarso;Buona;Sufficiente;1;0;0;4;12.67526;41.86405;-1;1;Autovettura privata;In marcia / fermata / arresto;Conducente;M;Illeso;0;;Non accertato;Inesploso
2773640;7;13/04/2016 21:00;Strada Urbana;VIA CASILINA;all'intersezione con;VIA BORGHESIANA;VIA BORGHESIANA;;;Tamponamento;Incrocio;Una carreggiata a doppio senso;Asciutto;Asfaltata;Verticale ed orizzontale;Sereno;Scarso;Buona;Sufficiente;1;0;0;4;12.67526;41.86405;-1;1;Autovettura privata;In marcia / fermata / arresto;Passeggero;F;Illeso;0;;Non accertato;Inesploso