Protocollo;Gruppo;DataOraIncidente;Localizzazione1;STRADA1;Localizzazione2;STRADA2;Strada02;Chilometrica;DaSpecificare;NaturaIncidente;particolaritastrade;TipoStrada;FondoStradale;Pavimentazione;Segnaletica;CondizioneAtmosferica;Traffico;Visibilita;Illuminazione;NUM_FERITI;NUM_RISERVATA;NUM_MORTI;NUM_ILLESI;Longitudine;Latitudine;Confermato;Progressivo;TipoVeicolo;StatoVeicolo;TipoPersona;Sesso;Tipolesione;Deceduto;DecedutoDopo;CinturaCascoUtilizzato;Airbag
2781603;18;19/04/2016 18:30;Strada Urbana;VIA DI BOCCEA;in prossimità;;del civico n.;506;;Veicolo in marcia contro ostacolo accidentale;Rettilineo;Una carreggiata a doppio senso;Asciutto;Asfaltata;Verticale;Sereno;Intenso;Buona;Ore Diurne;1;0;0;0;12.38608;41.91455;-1;1;Motociclo a solo;In marcia / fermata / arresto;Conducente;M;Rifiuta cure immediate;0;NON DECEDUTO;;
2781605;7;20/04/2016 06:42;Statale entro l'abitato;VIA CASILINA;all'intersezione semaforizzata con;VIA TOR DE' SCHIAVI;VIA TOR DE' SCHIAVI;;;Tamponamento Multiplo;Intersezione semaforizzata;Due carreggiate;Asciutto;Asfaltata;Verticale ed orizzontale;Sereno;Intenso;Buona;Ore Diurne;1;0;0;2;12.60933;41.86405;-1;1;Autovettura privata;In marcia / fermata / arresto;Conducente;M;Rimandato;0;NON DECEDUTO;Non accertato;Inesploso
2781605;7;20/04/2016 06:42;Statale entro l'abitato;VIA CASILINA;all'intersezione semaforizzata con;VIA TOR DE' SCHIAVI;VIA TOR DE' SCHIAVI;;;Tamponamento Multiplo;Intersezione semaforizzata;Due carreggiate;Asciutto;Asfaltata;Verticale ed orizzontale;Sereno;Intenso;Buona;Ore Diurne;1;0;0;2;12.60933;41.86405;-1;2;Autocarro inferiore 35 q.;In marcia / fermata / arresto;Conducente;M;Illeso;0;;Non accertato;Inesistente
2781605;7;20/04/2016 06:42;Statale entro l'abitato;VIA CASILINA;all'intersezione semaforizzata con;VIA TOR DE' SCHIAVI;VIA TOR DE' SCHIAVI;;;Tamponamento Multiplo;Intersezione semaforizzata;Due carreggiate;Asciutto;Asfaltata;Verticale ed orizzontale;Sereno;Intenso;Buona;Ore Diurne;1;0;0;2;12.60933;41.86405;-1;3;Autocarro inferiore 35 q.;In marcia / fermata / arresto;Conducente;M;Illeso;0;;Non accertato;Inesistente
2781607;18;19/04/2016 20:30;Strada Urbana;VIA MATTIA BATTISTINI;all'intersezione con;VIA DEI MONTI DI PRIMAVALLE;VIA DEI MONTI DI PRIMAVALLE;;;Tamponamento;Intersezione semaforizzata;Una carreggiata a doppio senso;Asciutto;Asfaltata;Verticale ed orizzontale;Sereno;Normale;Buona;Sufficiente;0;0;0;3;12.41476;41.90645;-1;1;Autovettura privata;In marcia / fermata / arresto;Conducente;M;Illeso;0;;Non accertato;Inesploso
2781607;18;19/04/2016 20:30;Strada Urbana;VIA MATTIA BATTISTINI;all'intersezione con;VIA DEI MONTI DI PRIMAVALLE;VIA DEI MONTI DI PRIMAVALLE;;;Tamponamento;Intersezione semaforizzata;Una carreggiata a doppio senso;Asciutto;Asfaltata;Verticale ed orizzontale;Sereno;Normale;Buona;Sufficiente;0;0;0;3;12.41476;41.90645;-1;1;Autovettura privata;In marcia / fermata / arresto;Passeggero;M;Illeso;0;;Non accertato;Inesistente
2781607;18;19/04/2016 20:30;Strada Urbana;VIA MATTIA BATTISTINI;all'intersezione con;VIA DEI MONTI DI PRIMAVALLE;VIA DEI MONTI DI PRIMAVALLE;;;Tamponamento;Intersezione semaforizzata;Una carreggiata a doppio senso;Asciutto;Asfaltata;Verticale ed orizzontale;Sereno;Normale;Buona;Sufficiente;0;0;0;3;12.41476;41.90645;-1;2;Autovettura privata;In marcia / fermata / arresto;Conducente;M;Illeso;0;;Non accertato;Inesploso
2781618;20;19/04/2016 17:15;Strada Urbana;VIALE DI TOR DI QUINTO;all'intersezione semaforizzata con;VIALE DI TOR DI QUINTO;VIALE DI TOR DI QUINTO;;;Tamponamento;Intersezione semaforizzata;Più di due carreggiate;Asciutto;Asfaltata;Verticale ed orizzontale;Sereno;Intenso;Buona;Ore Diurne;0;0;0;3;12.48448;41.94928;-1;1;Autovettura di polizia;In marcia / fermata / arresto;Conducente;M;Illeso;0;;;
2781618;20;19/04/2016 17:15;Strada Urbana;VIALE DI TOR DI QUINTO;all'intersezione semaforizzata con;VIALE DI TOR DI QUINTO;VIALE DI TOR DI QUINTO;;;Tamponamento;Intersezione semaforizzata;Più di due carreggiate;Asciutto;Asfaltata;Verticale ed orizzontale;Sereno;Intenso;Buona;Ore Diurne;0;0;0;3;12.48448;41.94928;-1;1;Autovettura di polizia;In marcia / fermata / arresto;Passeggero;M;Illeso;0;;;
2781618;20;19/04/2016 17:15;Strada Urbana;VIALE DI TOR DI QUINTO;all'intersezione semaforizzata con;VIALE DI TOR DI QUINTO;VIALE DI TOR DI QUINTO;;;Tamponamento;Intersezione semaforizzata;Più di due carreggiate;Asciutto;Asfaltata;Verticale ed orizzontale;Sereno;Intenso;Buona;Ore Diurne;0;0;0;3;12.48448;41.94928;-1;2;Autovettura privata;In marcia / fermata / arresto;Conducente;F;Illeso;0;;;
2781635;20;19/04/2016 16:50;Strada Urbana;VIA DI VILLA SEVERINI;in corrispondenza;;del civico n.;14;;Tamponamento Multiplo;Rettilineo;Una carreggiata a senso unico di marcia;Asciutto;Asfaltata;Assente;Sereno;Intenso;Buona;Ore Diurne;0;0;0;3;12.47012;41.94716;-1;1;Autovettura privata;In marcia / fermata / arresto;Conducente;M;Illeso;0;;Non accertato;Inesploso
2781635;20;19/04/2016 16:50;Strada Urbana;VIA DI VILLA SEVERINI;in corrispondenza;;del civico n.;14;;Tamponamento Multiplo;Rettilineo;Una carreggiata a senso unico di marcia;Asciutto;Asfaltata;Assente;Sereno;Intenso;Buona;Ore Diurne;0;0;0;3;12.47012;41.94716;-1;2;Autovettura privata;In marcia / fermata / arresto;Conducente;M;Illeso;0;;Non accertato;Inesploso
2781635;20;19/04/2016 16:50;Strada Urbana;VIA DI VILLA SEVERINI;in corrispondenza;;del civico n.;14;;Tamponamento Multiplo;Rettilineo;Una carreggiata a senso unico di marcia;Asciutto;Asfaltata;Assente;Sereno;Intenso;Buona;Ore Diurne;0;0;0;3;12.47012;41.94716;-1;3;Autovettura privata;In marcia / fermata / arresto;Conducente;M;Illeso;0;;Non accertato;
2781644;7;19/04/2016 14:20;Strada Urbana;VIALE DELLE GARDENIE;all'intersezione con;VIA DEI FRASSINI;VIA DEI FRASSINI;;;Scontro laterale fra veicoli in marcia;Incrocio;Due carreggiate;Asciutto;Asfaltata;Verticale;Sereno;Normale;Buona;Ore Diurne;0;0;0;2;12.56692;41.88592;-1;1;Autovettura privata;In marcia / fermata / arresto;Conducente;M;Illeso;0;;;
2781644;7;19/04/2016 14:20;Strada Urbana;VIALE DELLE GARDENIE;all'intersezione con;VIA DEI FRASSINI;VIA DEI FRASSINI;;;Scontro laterale fra veicoli in marcia;Incrocio;Due carreggiate;Asciutto;Asfaltata;Verticale;Sereno;Normale;Buona;Ore Diurne;0;0;0;2;12.56692;41.88592;-1;2;Autovettura privata;In marcia / fermata / arresto;Conducente;M;Illeso;0;;;
2781649;19;19/04/2016 09:30;Strada Urbana;VIA TRIONFALE;in corrispondenza;;del civico n.;11304;;Investimento di pedone;Rettilineo;Una carreggiata a doppio senso;Asciutto;Asfaltata;Verticale ed orizzontale;Sereno;Normale;Buona;Ore Diurne;1;0;0;1;12.41085;41.96028;-1;;;;Pedone;M;Rimandato;0;NON DECEDUTO;;
2781649;19;19/04/2016 09:30;Strada Urbana;VIA TRIONFALE;in corrispondenza;;del civico n.;11304;;Investimento di pedone;Rettilineo;Una carreggiata a doppio senso;Asciutto;Asfaltata;Verticale ed orizzontale;Sereno;Normale;Buona;Ore Diurne;1;0;0;1;12.41085;41.96028;-1;1;Autovettura privata;In marcia / fermata / arresto;Conducente;M;Illeso;0;;Non accertato;Inesploso
2781689;2;08/04/2016 18:30;Strada Urbana;VIA DI S. VALENTINO;in prossimità;;del civico n.;6;;Veicolo in marcia contro ostacolo accidentale;Rettilineo;Una carreggiata a senso unico di marcia;Asciutto;Asfaltata;Verticale ed orizzontale;Sereno;Scarso;Buona;Ore Diurne;0;0;0;1;12.47608;41.92679;-1;1;Autovettura privata;In marcia / fermata / arresto;Conducente;M;Illeso;0;;;
2781691;2;19/04/2016 09:35;Strada Urbana;VIA VOLSINIO;all'intersezione con;VIA BACCHIGLIONE;VIA BACCHIGLIONE;;;Investimento di pedone;Intersezione non regolata/non segnalata;Una carreggiata a senso unico di marcia;Asciutto;Asfaltata;Verticale ed orizzontale;Sereno;Scarso;Buona;Ore Diurne;0;1;0;3;12.50899;41.92399;-1;;;;Pedone;M;Prognosi riservata;0;NON DECEDUTO;;
2781691;2;19/04/2016 09:35;Strada Urbana;VIA VOLSINIO;all'intersezione con;VIA BACCHIGLIONE;VIA BACCHIGLIONE;;;Investimento di pedone;Intersezione non regolata/non segnalata;Una carreggiata a senso unico di marcia;Asciutto;Asfaltata;Verticale ed orizzontale;Sereno;Scarso;Buona;Ore Diurne;0;1;0;3;12.50899;41.92399;-1;1;Autovettura privata;In marcia / fermata / arresto;Conducente;F;Illeso;0;;;
2781691;2;19/04/2016 09:35;Strada Urbana;VIA VOLSINIO;all'intersezione con;VIA BACCHIGLIONE;VIA BACCHIGLIONE;;;Investimento di pedone;Intersezione non regolata/non segnalata;Una carreggiata a senso unico di marcia;Asciutto;Asfaltata;Verticale ed orizzontale;Sereno;Scarso;Buona;Ore Diurne;0;1;0;3;12.50899;41.92399;-1;1;Autovettura privata;In marcia / fermata / arresto;Passeggero;F;Illeso;0;;;
2781691;2;19/04/2016 09:35;Strada Urbana;VIA VOLSINIO;all'intersezione con;VIA BACCHIGLIONE;VIA BACCHIGLIONE;;;Investimento di pedone;Intersezione non regolata/non segnalata;Una carreggiata a senso unico di marcia;Asciutto;Asfaltata;Verticale ed orizzontale;Sereno;Scarso;Buona;Ore Diurne;0;1;0;3;12.50899;41.92399;-1;1;Autovettura privata;In marcia / fermata / arresto;Passeggero;F;Illeso;0;;;
2781697;17;19/04/2016 21:05;Strada Urbana;VIA DELLA CONCILIAZIONE;all'intersezione con;VIA S. PIO X;VIA S. PIO X;;;Scontro laterale fra veicoli in marcia;Incrocio;Una carreggiata a doppio senso;Asciutto;In cubetti di porfido;Verticale ed orizzontale;Sereno;Normale;Sufficiente;Sufficiente;1;0;0;1;12.46318;41.90202;-1;1;Autovettura privata;In marcia / fermata / arresto;Conducente;M;Illeso;0;;;
2781697;17;19/04/2016 21:05;Strada Urbana;VIA DELLA CONCILIAZIONE;all'intersezione con;VIA S. PIO X;VIA S. PIO X;;;Scontro laterale fra veicoli in marcia;Incrocio;Una carreggiata a doppio senso;Asciutto;In cubetti di porfido;Verticale ed orizzontale;Sereno;Normale;Sufficiente;Sufficiente;1;0;0;1;12.46318;41.90202;-1;2;Motociclo a solo;In marcia / fermata / arresto;Conducente;M;Rimandato;0;NON DECEDUTO;Non accertato;
2781706;2;19/04/2016 11:15;Strada Urbana;VIA DEL FORO ITALICO;da specificare;;;;via della Moschea dir  San Giovanni;Tamponamento;Rettilineo;Due carreggiate;Asciutto;Asfaltata;Orizzontale;Sereno;Normale;Buona;Ore Diurne;0;0;0;3;12.48278;41.94005;-1;1;Autovettura privata;In marcia / fermata / arresto;Conducente;M;Illeso;0;;;
2781706;2;19/04/2016 11:15;Strada Urbana;VIA DEL FORO ITALICO;da specificare;;;;via della Moschea dir  San Giovanni;Tamponamento;Rettilineo;Due carreggiate;Asciutto;Asfaltata;Orizzontale;Sereno;Normale;Buona;Ore Diurne;0;0;0;3;12.48278;41.94005;-1;1;Autovettura privata;In marcia / fermata / arresto;Passeggero;F;Illeso;0;;;
2781706;2;19/04/2016 11:15;Strada Urbana;VIA DEL FORO ITALICO;da specificare;;;;via della Moschea dir  San Giovanni;Tamponamento;Rettilineo;Due carreggiate;Asciutto;Asfaltata;Orizzontale;Sereno;Normale;Buona;Ore Diurne;0;0;0;3;12.48278;41.94005;-1;2;Motociclo a solo;In marcia / fermata / arresto;Conducente;M;Illeso;0;;;
2781710;4;19/04/2016 17:40;Strada Urbana;VIA ADOLFO CELI;in corrispondenza;;del civico n.;17;;Scontro frontale/laterale DX fra veicoli in marcia;Rettilineo;Una carreggiata a senso unico di marcia;Asciutto;Asfaltata;Assente;Sereno;Scarso;Buona;Ore Diurne;0;0;0;2;12.53658;41.97494;-1;1;Autovettura privata;In marcia / fermata / arresto;Conducente;M;Illeso;0;;Non accertato;Inesploso
2781710;4;19/04/2016 17:40;Strada Urbana;VIA ADOLFO CELI;in corrispondenza;;del civico n.;17;;Scontro frontale/laterale DX fra veicoli in marcia;Rettilineo;Una carreggiata a senso unico di marcia;Asciutto;Asfaltata;Assente;Sereno;Scarso;Buona;Ore Diurne;0;0;0;2;12.53658;41.97494;-1;2;Autovettura privata;In marcia / fermata / arresto;Conducente;M;Illeso;0;;Non accertato;Inesploso
2781713;7;19/04/2016 21:40;Strada Urbana;VIA TOR DE' SCHIAVI;all'intersezione con;VIA DEI PLATANI;VIA DEI PLATANI;;;Scontro frontale/laterale DX fra veicoli in marcia;Intersezione stradale segnalata;Due carreggiate;Asciutto;Asfaltata;Verticale;Sereno;Normale;Sufficiente;Sufficiente;1;0;0;2;12.56351;41.88126;-1;1;Autovettura privata;In marcia / fermata / arresto;Conducente;F;Rimandato;0;NON DECEDUTO;Non accertato;Inesploso
2781713;7;19/04/2016 21:40;Strada Urbana;VIA TOR DE' SCHIAVI;all'intersezione con;VIA DEI PLATANI;VIA DEI PLATANI;;;Scontro frontale/laterale DX fra veicoli in marcia;Intersezione stradale segnalata;Due carreggiate;Asciutto;Asfaltata;Verticale;Sereno;Normale;Sufficiente;Sufficiente;1;0;0;2;12.56351;41.88126;-1;2;Autovettura privata;In marcia / fermata / arresto;Conducente;M;Illeso;0;;Non accertato;Inesploso
2781713;7;19/04/2016 21:40;Strada Urbana;VIA TOR DE' SCHIAVI;all'intersezione con;VIA DEI PLATANI;VIA DEI PLATANI;;;Scontro frontale/laterale DX fra veicoli in marcia;Intersezione stradale segnalata;Due carreggiate;Asciutto;Asfaltata;Verticale;Sereno;Normale;Sufficiente;Sufficiente;1;0;0;2;12.56351;41.88126;-1;2;Autovettura privata;In marcia / fermata / arresto;Passeggero;F;Illeso;0;;Non accertato;Inesploso
2781717;2;19/04/2016 13:40;Strada Urbana;VIALE MARESCIALLO PILSUDSKI;da specificare;;;;pross. VIA DI S. VALENTINO;Scontro frontale/laterale DX fra veicoli in marcia;Rettilineo;Due carreggiate;Asciutto;Asfaltata;Verticale ed orizzontale;Sereno;Normale;Buona;Ore Diurne;0;0;0;3;12.47342;41.92564;-1;1;Autovettura privata;In marcia / fermata / arresto;Conducente;F;Illeso;0;;Non accertato;Inesploso
2781717;2;19/04/2016 13:40;Strada Urbana;VIALE MARESCIALLO PILSUDSKI;da specificare;;;;pross. VIA DI S. VALENTINO;Scontro frontale/laterale DX fra veicoli in marcia;Rettilineo;Due carreggiate;Asciutto;Asfaltata;Verticale ed orizzontale;Sereno;Normale;Buona;Ore Diurne;0;0;0;3;12.47342;41.92564;-1;1;Autovettura privata;In marcia / fermata / arresto;Passeggero;M;Illeso;0;;Non accertato;Inesploso
2781717;2;19/04/2016 13:40;Strada Urbana;VIALE MARESCIALLO PILSUDSKI;da specificare;;;;pross. VIA DI S. VALENTINO;Scontro frontale/laterale DX fra veicoli in marcia;Rettilineo;Due carreggiate;Asciutto;Asfaltata;Verticale ed orizzontale;Sereno;Normale;Buona;Ore Diurne;0;0;0;3;12.47342;41.92564;-1;2;Autovettura privata;In marcia / fermata / arresto;Conducente;M;Illeso;0;;Non accertato;Inesploso
2781723;2;19/04/2016 14:35;Strada Urbana;PIAZZA BUENOS AIRES;all'intersezione con;VIA PO;VIA PO;;;Scontro frontale/laterale DX fra veicoli in marcia;Incrocio;Una carreggiata a doppio senso;Asciutto;Asfaltata;Verticale ed orizzontale;Sereno;Normale;Buona;Ore Diurne;1;0;0;1;12.50013;41.91809;-1;1;Autovettura pubblica;In marcia / fermata / arresto;Conducente;M;Illeso;0;;;
2781723;2;19/04/2016 14:35;Strada Urbana;PIAZZA BUENOS AIRES;all'intersezione con;VIA PO;VIA PO;;;Scontro frontale/laterale DX fra veicoli in marcia;Incrocio;Una carreggiata a doppio senso;Asciutto;Asfaltata;Verticale ed orizzontale;Sereno;Normale;Buona;Ore Diurne;1;0;0;1;12.50013;41.91809;-1;2;Motociclo a solo;In marcia / fermata / arresto;Conducente;M;Rimandato;0;NON DECEDUTO;;
2781743;2;19/04/2016 18:15;Strada Urbana;VIA ANTONIO SANT'ELIA;all'intersezione con;VIA DELLA FONTE DELL'ACQUA ACETOSA;VIA DELLA FONTE DELL'ACQUA ACETOSA;;;Tamponamento;Rotatoria;Una carreggiata a senso unico di marcia;Asciutto;Asfaltata;Verticale ed orizzontale;Sereno;Normale;Buona;Ore Diurne;1;0;0;1;12.48523;41.93106;-1;1;Autovettura privata;In marcia / fermata / arresto;Conducente;M;Illeso;0;;;
2781743;2;19/04/2016 18:15;Strada Urbana;VIA ANTONIO SANT'ELIA;all'intersezione con;VIA DELLA FONTE DELL'ACQUA ACETOSA;VIA DELLA FONTE DELL'ACQUA ACETOSA;;;Tamponamento;Rotatoria;Una carreggiata a senso unico di marcia;Asciutto;Asfaltata;Verticale ed orizzontale;Sereno;Normale;Buona;Ore Diurne;1;0;0;1;12.48523;41.93106;-1;2;Autovettura privata;In marcia / fermata / arresto;Conducente;F;Rifiuta cure immediate;0;NON DECEDUTO;Non accertato;Inesploso
2781744;4;19/04/2016 07:10;Strada Urbana;VIA MONTE EPOMEO;all'intersezione con;VIA TONALE;VIA TONALE;;;Scontro frontale/laterale DX fra veicoli in marcia;Incrocio;Una carreggiata a doppio senso;Asciutto;Asfaltata;Assente;Nuvoloso;Scarso;Buona;Ore Diurne;0;0;0;2;12.53159;41.95046;-1;1;Autovettura privata;In marcia / fermata / arresto;Conducente;M;Illeso;0;;Non accertato;Inesploso
2781744;4;19/04/2016 07:10;Strada Urbana;VIA MONTE EPOMEO;all'intersezione con;VIA TONALE;VIA TONALE;;;Scontro frontale/laterale DX fra veicoli in marcia;Incrocio;Una carreggiata a doppio senso;Asciutto;Asfaltata;Assente;Nuvoloso;Scarso;Buona;Ore Diurne;0;0;0;2;12.53159;41.95046;-1;2;Motociclo a solo;In marcia / fermata / arresto;Conducente;M;Illeso;0;;Non accertato;
2781756;10;20/04/2016 08:25;Strada Urbana;VIALE PALMIRO TOGLIATTI;all'intersezione semaforizzata con;VIA GIUSEPPE CHIOVENDA;VIA GIUSEPPE CHIOVENDA;;;Scontro frontale/laterale DX fra veicoli in marcia;Intersezione semaforizzata;Due carreggiate;Asciutto;Asfaltata;Verticale ed orizzontale;Sereno;Normale;Buona;Ore Diurne;3;0;0;0;12.57041;41.85914;-1;1;Autovettura privata;In marcia / fermata / arresto;Conducente;M;Rifiuta cure immediate;0;NON DECEDUTO;Non accertato;Esploso
2781756;10;20/04/2016 08:25;Strada Urbana;VIALE PALMIRO TOGLIATTI;all'intersezione semaforizzata con;VIA GIUSEPPE CHIOVENDA;VIA GIUSEPPE CHIOVENDA;;;Scontro frontale/laterale DX fra veicoli in marcia;Intersezione semaforizzata;Due carreggiate;Asciutto;Asfaltata;Verticale ed orizzontale;Sereno;Normale;Buona;Ore Diurne;3;0;0;0;12.57041;41.85914;-1;2;Autovettura privata;In marcia / fermata / arresto;Conducente;F;Ricoverato;0;NON DECEDUTO;Non accertato;Inesploso
2781756;10;20/04/2016 08:25;Strada Urbana;VIALE PALMIRO TOGLIATTI;all'intersezione semaforizzata con;VIA GIUSEPPE CHIOVENDA;VIA GIUSEPPE CHIOVENDA;;;Scontro frontale/laterale DX fra veicoli in marcia;Intersezione semaforizzata;Due carreggiate;Asciutto;Asfaltata;Verticale ed orizzontale;Sereno;Normale;Buona;Ore Diurne;3;0;0;0;12.57041;41.85914;-1;3;Motociclo a solo;In marcia / fermata / arresto;Conducente;M;Rifiuta cure immediate;0;NON DECEDUTO;Non accertato;
2781757;4;19/04/2016 15:30;Strada Urbana;VIA CASALE REDICICOLI;da specificare;;;;altezza svincolo Ikea;Tamponamento;Curva a visuale libera;Una carreggiata a senso unico di marcia;Asciutto;Asfaltata;Verticale ed orizzontale;Sereno;Normale;Buona;Ore Diurne;0;0;0;2;12.5393;41.97238;-1;1;Autovettura privata;In marcia / fermata / arresto;Conducente;M;Illeso;0;;Non accertato;
2781757;4;19/04/2016 15:30;Strada Urbana;VIA CASALE REDICICOLI;da specificare;;;;altezza svincolo Ikea;Tamponamento;Curva a visuale libera;Una carreggiata a senso unico di marcia;Asciutto;Asfaltata;Verticale ed orizzontale;Sereno;Normale;Buona;Ore Diurne;0;0;0;2;12.5393;41.97238;-1;2;Autovettura privata;In marcia / fermata / arresto;Conducente;M;Illeso;0;;Non accertato;
2781793;17;19/04/2016;Strada Urbana;VIA ANASTASIO II;in prossimità;;del civico n.;403;;Scontro laterale fra veicoli in marcia;Rettilineo;Due carreggiate;Asciutto;Asfaltata;Verticale ed orizzontale;Sereno;Scarso;Insufficiente;Insufficiente;1;0;0;1;12.44444;41.90524;-1;1;Motociclo a solo;In marcia / fermata / arresto;Conducente;M;Rimandato;0;NON DECEDUTO;;
2781793;17;19/04/2016;Strada Urbana;VIA ANASTASIO II;in prossimità;;del civico n.;403;;Scontro laterale fra veicoli in marcia;Rettilineo;Due carreggiate;Asciutto;Asfaltata;Verticale ed orizzontale;Sereno;Scarso;Insufficiente;Insufficiente;1;0;0;1;12.44444;41.90524;-1;2;Motociclo a solo;In marcia / fermata / arresto;Conducente;F;Illeso;0;;;
2781826;4;19/04/2016 15:45;Strada Urbana;VIA ARTURO GRAF;in corrispondenza;;del civico n.;38/a;;Tamponamento;Rettilineo;Due carreggiate;Asciutto;Asfaltata;Verticale ed orizzontale;Sereno;Normale;Buona;Ore Diurne;0;0;0;2;12.55266;41.9423;-1;1;Autovettura privata;In marcia / fermata / arresto;Conducente;F;Illeso;0;;Non accertato;Inesploso
2781826;4;19/04/2016 15:45;Strada Urbana;VIA ARTURO GRAF;in corrispondenza;;del civico n.;38/a;;Tamponamento;Rettilineo;Due carreggiate;Asciutto;Asfaltata;Verticale ed orizzontale;Sereno;Normale;Buona;Ore Diurne;0;0;0;2;12.55266;41.9423;-1;2;Motociclo con passeggero;In marcia / fermata / arresto;Conducente;M;Illeso;0;;Non accertato;
2781907;7;19/04/2016 14:30;Strada Urbana;VIA DEI CASTANI;all'intersezione con;VIA DEGLI ACERI;VIA DEGLI ACERI;;;Scontro frontale/laterale SX fra veicoli in marcia;Incrocio;Una carreggiata a doppio senso;Asciutto;Asfaltata;Verticale ed orizzontale;Sereno;Scarso;Buona;Ore Diurne;0;0;0;2;12.5668;41.88365;-1;1;Autovettura privata;In marcia / fermata / arresto;Conducente;F;Illeso;0;;;
2781907;7;19/04/2016 14:30;Strada Urbana;VIA DEI CASTANI;all'intersezione con;VIA DEGLI ACERI;VIA DEGLI ACERI;;;Scontro frontale/laterale SX fra veicoli in marcia;Incrocio;Una carreggiata a doppio senso;Asciutto;Asfaltata;Verticale ed orizzontale;Sereno;Scarso;Buona;Ore Diurne;0;0;0;2;12.5668;41.88365;-1;2;Autovettura privata;In marcia / fermata / arresto;Conducente;F;Illeso;0;;;
2781993;11;19/04/2016 14:00;Strada Urbana;VIALE ALDO BALLARIN;in prossimità;;del palo luce n.;94;;Ribaltamento senza urto contro ostacolo fisso;Curva senza visuale libera;Una carreggiata a doppio senso;Asciutto;Asfaltata;Verticale ed orizzontale;Sereno;Scarso;Buona;Ore Diurne;1;0;0;1;12.49367;41.83922;-1;1;Autovettura privata;In marcia / fermata / arresto;Conducente;M;Illeso;0;;Non accertato;Inesploso
2781993;11;19/04/2016 14:00;Strada Urbana;VIALE ALDO BALLARIN;in prossimità;;del palo luce n.;94;;Ribaltamento senza urto contro ostacolo fisso;Curva senza visuale libera;Una carreggiata a doppio senso;Asciutto;Asfaltata;Verticale ed orizzontale;Sereno;Scarso;Buona;Ore Diurne;1;0;0;1;12.49367;41.83922;-1;2;Motociclo a solo;In marcia / fermata / arresto;Conducente;M;Rimandato;0;NON DECEDUTO;Non accertato;
2782015;7;19/04/2016 11:40;Strada Urbana;LARGO DELLA PRIMAVERA;all'intersezione con;VIA ROMOLO TRINCHIERI;VIA ROMOLO TRINCHIERI;;;Scontro frontale/laterale SX fra veicoli in marcia;Incrocio;Due carreggiate;Asciutto;Asfaltata;Verticale;Sereno;Normale;Buona;Ore Diurne;0;0;0;2;12.56115;41.88784;-1;1;Autovettura privata;In marcia / fermata / arresto;Conducente;F;Illeso;0;;Non accertato;Inesploso
2782015;7;19/04/2016 11:40;Strada Urbana;LARGO DELLA PRIMAVERA;all'intersezione con;VIA ROMOLO TRINCHIERI;VIA ROMOLO TRINCHIERI;;;Scontro frontale/laterale SX fra veicoli in marcia;Incrocio;Due carreggiate;Asciutto;Asfaltata;Verticale;Sereno;Normale;Buona;Ore Diurne;0;0;0;2;12.56115;41.88784;-1;2;Autovettura privata;In marcia / fermata / arresto;Conducente;F;Illeso;0;;Non accertato;Inesploso
2782021;9;20/04/2016 11:30;Strada Urbana;VIA TUSCOLANA;all'intersezione semaforizzata con;VIA DELL'ARCO DI TRAVERTINO;VIA DELL'ARCO DI TRAVERTINO;;;Scontro laterale fra veicoli in marcia;Incrocio;Due carreggiate;Asciutto;Asfaltata;Verticale ed orizzontale;Sereno;Normale;Buona;Ore Diurne;0;0;0;2;12.53787;41.86915;-1;1;Autocarro inferiore 35 q.;In marcia / fermata / arresto;Conducente;M;Illeso;0;;Non accertato;
2782021;9;20/04/2016 11:30;Strada Urbana;VIA TUSCOLANA;all'intersezione semaforizzata con;VIA DELL'ARCO DI TRAVERTINO;VIA DELL'ARCO DI TRAVERTINO;;;Scontro laterale fra veicoli in marcia;Incrocio;Due carreggiate;Asciutto;Asfaltata;Verticale ed orizzontale;Sereno;Normale;Buona;Ore Diurne;0;0;0;2;12.53787;41.86915;-1;2;Motociclo a solo;In marcia / fermata / arresto;Conducente;M;Illeso;0;;Non accertato;
2782136;16;19/04/2016 08:40;Strada Urbana;VIA DEL CASALETTO;in corrispondenza;;del civico n.;59;;Veicolo in marcia contro ostacolo fisso;Rettilineo;Una carreggiata a doppio senso;Asciutto;Asfaltata;Assente;Sereno;Normale;Buona;Ore Diurne;0;0;0;1;12.44075;41.87643;-1;1;Autovettura privata;In marcia / fermata / arresto;Conducente;F;Illeso;0;;Non accertato;
2782139;10;20/04/2016 11:45;Strada Urbana;VIA BIAGIO PETROCELLI;all'intersezione con;VIALE LUIGI SCHIAVONETTI;VIALE LUIGI SCHIAVONETTI;;;Tamponamento;Rotatoria;Una carreggiata a senso unico di marcia;Asciutto;Asfaltata;Verticale ed orizzontale;Sereno;Normale;Buona;Ore Diurne;3;0;0;1;12.60895;41.83932;-1;1;Autovettura di polizia;In marcia / fermata / arresto;Conducente;M;Rimandato;0;NON DECEDUTO;Non accertato;Inesploso
2782139;10;20/04/2016 11:45;Strada Urbana;VIA BIAGIO PETROCELLI;all'intersezione con;VIALE LUIGI SCHIAVONETTI;VIALE LUIGI SCHIAVONETTI;;;Tamponamento;Rotatoria;Una carreggiata a senso unico di marcia;Asciutto;Asfaltata;Verticale ed orizzontale;Sereno;Normale;Buona;Ore Diurne;3;0;0;1;12.60895;41.83932;-1;1;Autovettura di polizia;In marcia / fermata / arresto;Passeggero;M;Rimandato;0;NON DECEDUTO;Non accertato;Inesploso