Protocollo;Gruppo;DataOraIncidente;Localizzazione1;STRADA1;Localizzazione2;STRADA2;Strada02;Chilometrica;DaSpecificare;NaturaIncidente;particolaritastrade;TipoStrada;FondoStradale;Pavimentazione;Segnaletica;CondizioneAtmosferica;Traffico;Visibilita;Illuminazione;NUM_FERITI;NUM_RISERVATA;NUM_MORTI;NUM_ILLESI;Longitudine;Latitudine;Confermato;Progressivo;TipoVeicolo;StatoVeicolo;TipoPersona;Sesso;Tipolesione;Deceduto;DecedutoDopo;CinturaCascoUtilizzato;Airbag
2783092;11;20/04/2016 14:20;Strada Urbana;VIA OSTIENSE;da specificare;;;;carreggiata centrale fr.civ.38;Investimento di pedone;Rettilineo;Più di due carreggiate;Asciutto;Asfaltata;Verticale ed orizzontale;Sereno;Normale;Buona;Ore Diurne;1;0;0;4;12.48008;41.87384;-1;;;;Pedone;M;Rimandato;0;NON DECEDUTO;;
2783092;11;20/04/2016 14:20;Strada Urbana;VIA OSTIENSE;da specificare;;;;carreggiata centrale fr.civ.38;Investimento di pedone;Rettilineo;Più di due carreggiate;Asciutto;Asfaltata;Verticale ed orizzontale;Sereno;Normale;Buona;Ore Diurne;1;0;0;4;12.48008;41.87384;-1;1;Autovettura pubblica;In marcia / fermata / arresto;Conducente;M;Illeso;0;;Non accertato;
2783092;11;20/04/2016 14:20;Strada Urbana;VIA OSTIENSE;da specificare;;;;carreggiata centrale fr.civ.38;Investimento di pedone;Rettilineo;Più di due carreggiate;Asciutto;Asfaltata;Verticale ed orizzontale;Sereno;Normale;Buona;Ore Diurne;1;0;0;4;12.48008;41.87384;-1;1;Autovettura pubblica;In marcia / fermata / arresto;Passeggero;F;Illeso;0;;;
2783092;11;20/04/2016 14:20;Strada Urbana;VIA OSTIENSE;da specificare;;;;carreggiata centrale fr.civ.38;Investimento di pedone;Rettilineo;Più di due carreggiate;Asciutto;Asfaltata;Verticale ed orizzontale;Sereno;Normale;Buona;Ore Diurne;1;0;0;4;12.48008;41.87384;-1;1;Autovettura pubblica;In marcia / fermata / arresto;Passeggero;M;Illeso;0;;;
2783092;11;20/04/2016 14:20;Strada Urbana;VIA OSTIENSE;da specificare;;;;carreggiata centrale fr.civ.38;Investimento di pedone;Rettilineo;Più di due carreggiate;Asciutto;Asfaltata;Verticale ed orizzontale;Sereno;Normale;Buona;Ore Diurne;1;0;0;4;12.48008;41.87384;-1;1;Autovettura pubblica;In marcia / fermata / arresto;Passeggero;M;Illeso;0;;;
2783098;8;20/04/2016 17:30;Statale entro l'abitato;VIA CASILINA;all'intersezione semaforizzata con;VIA DELL'AQUILA REALE;VIA DELL'AQUILA REALE;;;Scontro frontale/laterale DX fra veicoli in marcia;Intersezione semaforizzata;Una carreggiata a doppio senso;Asciutto;Asfaltata;Verticale ed orizzontale;Sereno;Intenso;Buona;Ore Diurne;0;0;0;2;12.59656;41.86653;-1;1;Autovettura privata;In marcia / fermata / arresto;Conducente;M;Illeso;0;;Non accertato;
2783098;8;20/04/2016 17:30;Statale entro l'abitato;VIA CASILINA;all'intersezione semaforizzata con;VIA DELL'AQUILA REALE;VIA DELL'AQUILA REALE;;;Scontro frontale/laterale DX fra veicoli in marcia;Intersezione semaforizzata;Una carreggiata a doppio senso;Asciutto;Asfaltata;Verticale ed orizzontale;Sereno;Intenso;Buona;Ore Diurne;0;0;0;2;12.59656;41.86653;-1;1;Autovettura privata;In marcia / fermata / arresto;Passeggero;M;Illeso;0;;Non accertato;
2783109;8;20/04/2016 21:10;Strada Urbana;VIA DI LUNGHEZZINA;da specificare;;;;PROSS. V. DONEGANI DIREZ. CORCOLLE;Veicolo in marcia contro ostacolo accidentale;Rettilineo;Una carreggiata a doppio senso;Asciutto;Asfaltata;Verticale ed orizzontale;Sereno;Scarso;Sufficiente;Sufficiente;0;0;0;2;12.67819;41.92641;-1;1;Autovettura privata;In marcia / fermata / arresto;Conducente;F;Illeso;0;;Non accertato;Inesploso
2783109;8;20/04/2016 21:10;Strada Urbana;VIA DI LUNGHEZZINA;da specificare;;;;PROSS. V. DONEGANI DIREZ. CORCOLLE;Veicolo in marcia contro ostacolo accidentale;Rettilineo;Una carreggiata a doppio senso;Asciutto;Asfaltata;Verticale ed orizzontale;Sereno;Scarso;Sufficiente;Sufficiente;0;0;0;2;12.67819;41.92641;-1;1;Autovettura privata;In marcia / fermata / arresto;Passeggero;M;Illeso;0;;Non accertato;Inesploso
2783117;8;20/04/2016 13:40;Strada Urbana;VIA DON PRIMO MAZZOLARI;in corrispondenza;;del civico n.;57;;Scontro frontale/laterale SX fra veicoli in marcia;Curva a visuale libera;Una carreggiata a doppio senso;Asciutto;Asfaltata;Orizzontale;Sereno;Normale;Buona;Ore Diurne;1;0;0;0;12.67751;41.89221;-1;1;Autovettura privata;In marcia / fermata / arresto;Conducente;F;Rifiuta cure immediate;0;NON DECEDUTO;Non accertato;Inesploso
2783118;7;21/04/2016 01:00;Strada Urbana;VIA ADRIANO FIORI;in corrispondenza;;del civico n.;8;;Veicolo in marcia contro veicoli in sosta;Rettilineo;Una carreggiata a senso unico di marcia;Asciutto;Asfaltata;Verticale ed orizzontale;Sereno;Scarso;Buona;Sufficiente;1;0;0;0;12.55113;41.93468;-1;1;Autovettura privata;In marcia / fermata / arresto;Conducente;M;Rimandato;0;NON DECEDUTO;Non accertato;Esploso
2783120;11;20/04/2016 08:10;Strada Urbana;VIA OSTIENSE;in corrispondenza;;del palo luce n.;248;;Scontro frontale/laterale SX fra veicoli in marcia;Rettilineo;Due carreggiate;Asciutto;Asfaltata;Verticale ed orizzontale;Sereno;Normale;Buona;Ore Diurne;1;0;0;1;12.42208;41.80907;-1;1;Autovettura privata;In marcia / fermata / arresto;Conducente;F;Rimandato;0;NON DECEDUTO;Non accertato;
2783120;11;20/04/2016 08:10;Strada Urbana;VIA OSTIENSE;in corrispondenza;;del palo luce n.;248;;Scontro frontale/laterale SX fra veicoli in marcia;Rettilineo;Due carreggiate;Asciutto;Asfaltata;Verticale ed orizzontale;Sereno;Normale;Buona;Ore Diurne;1;0;0;1;12.42208;41.80907;-1;2;Autovettura privata;In marcia / fermata / arresto;Conducente;F;Illeso;0;;Non accertato;
2783125;8;21/04/2016 03:30;Strada Urbana;VIA NICANDRO;in corrispondenza;;del civico n.;13;;Veicolo in marcia contro veicoli in sosta;Rettilineo;Una carreggiata a senso unico di marcia;Asciutto;Asfaltata;Verticale;Sereno;Scarso;Buona;Sufficiente;0;0;0;1;12.60719;41.91347;-1;6;Autocarro inferiore 35 q.;In marcia / fermata / arresto;Conducente;M;Illeso;0;;Non accertato;Inesploso
2783139;8;20/04/2016 21:00;Provinciale entro l'abitato;VIA PRENESTINA;all'intersezione con;VIA DELLA RISERVA NUOVA;VIA DELLA RISERVA NUOVA;;;Scontro frontale fra veicoli in marcia;Intersezione semaforizzata;Una carreggiata a doppio senso;Asciutto;Asfaltata;Verticale ed orizzontale;Sereno;Scarso;Buona;Sufficiente;3;0;0;1;12.6804;41.89041;-1;1;Autovettura privata;In marcia / fermata / arresto;Conducente;M;Rimandato;0;NON DECEDUTO;Non accertato;Esploso
2783139;8;20/04/2016 21:00;Provinciale entro l'abitato;VIA PRENESTINA;all'intersezione con;VIA DELLA RISERVA NUOVA;VIA DELLA RISERVA NUOVA;;;Scontro frontale fra veicoli in marcia;Intersezione semaforizzata;Una carreggiata a doppio senso;Asciutto;Asfaltata;Verticale ed orizzontale;Sereno;Scarso;Buona;Sufficiente;3;0;0;1;12.6804;41.89041;-1;1;Autovettura privata;In marcia / fermata / arresto;Passeggero;F;Rimandato;0;NON DECEDUTO;Non accertato;Esploso
2783139;8;20/04/2016 21:00;Provinciale entro l'abitato;VIA PRENESTINA;all'intersezione con;VIA DELLA RISERVA NUOVA;VIA DELLA RISERVA NUOVA;;;Scontro frontale fra veicoli in marcia;Intersezione semaforizzata;Una carreggiata a doppio senso;Asciutto;Asfaltata;Verticale ed orizzontale;Sereno;Scarso;Buona;Sufficiente;3;0;0;1;12.6804;41.89041;-1;2;Autocarro inferiore 35 q.;In marcia / fermata / arresto;Conducente;M;Illeso;0;;Non accertato;Inesploso
2783139;8;20/04/2016 21:00;Provinciale entro l'abitato;VIA PRENESTINA;all'intersezione con;VIA DELLA RISERVA NUOVA;VIA DELLA RISERVA NUOVA;;;Scontro frontale fra veicoli in marcia;Intersezione semaforizzata;Una carreggiata a doppio senso;Asciutto;Asfaltata;Verticale ed orizzontale;Sereno;Scarso;Buona;Sufficiente;3;0;0;1;12.6804;41.89041;-1;3;Autovettura privata;In marcia / fermata / arresto;Conducente;M;Rifiuta cure immediate;0;NON DECEDUTO;Non accertato;Inesploso
2783140;20;20/04/2016 07:50;Regionale entro l'abitato;VIA CASSIA;in prossimità;;del civico n.;724;;Scontro laterale fra veicoli in marcia;Rettilineo;Una carreggiata a doppio senso;Asciutto;Asfaltata;Orizzontale;Sereno;Intenso;Buona;Ore Diurne;0;0;0;6;12.44436;41.9647;-1;1;Autovettura privata;In marcia / fermata / arresto;Passeggero;F;Illeso;0;;;
2783140;20;20/04/2016 07:50;Regionale entro l'abitato;VIA CASSIA;in prossimità;;del civico n.;724;;Scontro laterale fra veicoli in marcia;Rettilineo;Una carreggiata a doppio senso;Asciutto;Asfaltata;Orizzontale;Sereno;Intenso;Buona;Ore Diurne;0;0;0;6;12.44436;41.9647;-1;1;Autovettura privata;In marcia / fermata / arresto;Passeggero;F;Illeso;0;;;
2783140;20;20/04/2016 07:50;Regionale entro l'abitato;VIA CASSIA;in prossimità;;del civico n.;724;;Scontro laterale fra veicoli in marcia;Rettilineo;Una carreggiata a doppio senso;Asciutto;Asfaltata;Orizzontale;Sereno;Intenso;Buona;Ore Diurne;0;0;0;6;12.44436;41.9647;-1;1;Autovettura privata;In marcia / fermata / arresto;Conducente;F;Illeso;0;;;
2783140;20;20/04/2016 07:50;Regionale entro l'abitato;VIA CASSIA;in prossimità;;del civico n.;724;;Scontro laterale fra veicoli in marcia;Rettilineo;Una carreggiata a doppio senso;Asciutto;Asfaltata;Orizzontale;Sereno;Intenso;Buona;Ore Diurne;0;0;0;6;12.44436;41.9647;-1;1;Autovettura privata;In marcia / fermata / arresto;Passeggero;F;Illeso;0;;;
2783140;20;20/04/2016 07:50;Regionale entro l'abitato;VIA CASSIA;in prossimità;;del civico n.;724;;Scontro laterale fra veicoli in marcia;Rettilineo;Una carreggiata a doppio senso;Asciutto;Asfaltata;Orizzontale;Sereno;Intenso;Buona;Ore Diurne;0;0;0;6;12.44436;41.9647;-1;2;Motociclo con passeggero;In marcia / fermata / arresto;Conducente;M;Illeso;0;;;
2783140;20;20/04/2016 07:50;Regionale entro l'abitato;VIA CASSIA;in prossimità;;del civico n.;724;;Scontro laterale fra veicoli in marcia;Rettilineo;Una carreggiata a doppio senso;Asciutto;Asfaltata;Orizzontale;Sereno;Intenso;Buona;Ore Diurne;0;0;0;6;12.44436;41.9647;-1;2;Motociclo con passeggero;In marcia / fermata / arresto;Passeggero;F;Illeso;0;;;
2783141;7;20/04/2016 20:00;Strada Urbana;VIALE PALMIRO TOGLIATTI;in corrispondenza;;del civico n.;780;;Veicolo in marcia contro veicoli in sosta;Rettilineo;Una carreggiata a senso unico di marcia;Asciutto;Asfaltata;Orizzontale;Sereno;Normale;Buona;Sufficiente;0;0;0;1;12.57348;41.88377;-1;1;Autocarro inferiore 35 q.;In marcia / fermata / arresto;Conducente;M;Illeso;0;;Non accertato;Inesploso
2783142;9;20/04/2016 09:40;Strada Urbana;VIA APPIA NUOVA;da specificare;;;;alt. via ORAZIO COCLITE;Infortunio per sola frenata improvvisa;Rettilineo;Più di due carreggiate;Asciutto;Asfaltata;Verticale ed orizzontale;Sereno;Normale;Buona;Ore Diurne;1;0;0;1;12.52462;41.8736;-1;1;Autovettura privata;In marcia / fermata / arresto;Conducente;M;Illeso;0;;;
2783142;9;20/04/2016 09:40;Strada Urbana;VIA APPIA NUOVA;da specificare;;;;alt. via ORAZIO COCLITE;Infortunio per sola frenata improvvisa;Rettilineo;Più di due carreggiate;Asciutto;Asfaltata;Verticale ed orizzontale;Sereno;Normale;Buona;Ore Diurne;1;0;0;1;12.52462;41.8736;-1;2;Motociclo a solo;In marcia / fermata / arresto;Conducente;M;Rimandato;0;NON DECEDUTO;;
2783144;8;20/04/2016 21:00;Strada Urbana;VIA DI VERMICINO;all'intersezione con;VIA BOMPENSIERE;VIA BOMPENSIERE;;;Scontro laterale fra veicoli in marcia;Incrocio;Una carreggiata a doppio senso;Asciutto;Asfaltata;Verticale ed orizzontale;Sereno;Normale;Sufficiente;Ore Diurne;1;0;0;1;12.67241;41.85173;-1;1;Autovettura privata;In marcia / fermata / arresto;Conducente;M;Illeso;0;;Non accertato;Inesploso
2783144;8;20/04/2016 21:00;Strada Urbana;VIA DI VERMICINO;all'intersezione con;VIA BOMPENSIERE;VIA BOMPENSIERE;;;Scontro laterale fra veicoli in marcia;Incrocio;Una carreggiata a doppio senso;Asciutto;Asfaltata;Verticale ed orizzontale;Sereno;Normale;Sufficiente;Ore Diurne;1;0;0;1;12.67241;41.85173;-1;2;Motociclo a solo;In marcia / fermata / arresto;Conducente;M;Rimandato;0;NON DECEDUTO;Non accertato;
2783147;20;20/04/2016 13:05;Strada Urbana;VIA DELLA GIUSTINIANA;all'intersezione con;VIA MELZO;VIA MELZO;;;Scontro frontale fra veicoli in marcia;Incrocio;Una carreggiata a doppio senso;Asciutto;Asfaltata;Assente;Sereno;Normale;Buona;Ore Diurne;1;0;0;2;12.48482;42.00237;-1;1;Autovettura privata;In marcia / fermata / arresto;Conducente;F;Illeso;0;;;
2783147;20;20/04/2016 13:05;Strada Urbana;VIA DELLA GIUSTINIANA;all'intersezione con;VIA MELZO;VIA MELZO;;;Scontro frontale fra veicoli in marcia;Incrocio;Una carreggiata a doppio senso;Asciutto;Asfaltata;Assente;Sereno;Normale;Buona;Ore Diurne;1;0;0;2;12.48482;42.00237;-1;1;Autovettura privata;In marcia / fermata / arresto;Passeggero;F;Illeso;0;;;
2783147;20;20/04/2016 13:05;Strada Urbana;VIA DELLA GIUSTINIANA;all'intersezione con;VIA MELZO;VIA MELZO;;;Scontro frontale fra veicoli in marcia;Incrocio;Una carreggiata a doppio senso;Asciutto;Asfaltata;Assente;Sereno;Normale;Buona;Ore Diurne;1;0;0;2;12.48482;42.00237;-1;2;Ciclomotore;In marcia / fermata / arresto;Conducente;M;Rimandato;0;NON DECEDUTO;;
2783152;11;20/04/2016 11:30;Strada Urbana;VIA VITO VOLTERRA;all'intersezione con;VIA UMBERTO NISTRI;VIA UMBERTO NISTRI;;;Scontro frontale/laterale DX fra veicoli in marcia;Incrocio;Due carreggiate;Asciutto;Asfaltata;Verticale ed orizzontale;Sereno;Scarso;Buona;Ore Diurne;1;0;0;2;12.47062;41.85375;-1;1;Autovettura privata;In marcia / fermata / arresto;Conducente;M;Illeso;0;;Non accertato;
2783152;11;20/04/2016 11:30;Strada Urbana;VIA VITO VOLTERRA;all'intersezione con;VIA UMBERTO NISTRI;VIA UMBERTO NISTRI;;;Scontro frontale/laterale DX fra veicoli in marcia;Incrocio;Due carreggiate;Asciutto;Asfaltata;Verticale ed orizzontale;Sereno;Scarso;Buona;Ore Diurne;1;0;0;2;12.47062;41.85375;-1;1;Autovettura privata;In marcia / fermata / arresto;Passeggero;F;Illeso;0;;;
2783152;11;20/04/2016 11:30;Strada Urbana;VIA VITO VOLTERRA;all'intersezione con;VIA UMBERTO NISTRI;VIA UMBERTO NISTRI;;;Scontro frontale/laterale DX fra veicoli in marcia;Incrocio;Due carreggiate;Asciutto;Asfaltata;Verticale ed orizzontale;Sereno;Scarso;Buona;Ore Diurne;1;0;0;2;12.47062;41.85375;-1;2;Autovettura privata;In marcia / fermata / arresto;Conducente;M;Rimandato;0;NON DECEDUTO;;
2783159;13;20/04/2016 14:50;Strada Urbana;VIA DELLE CANARIE;in corrispondenza;;del civico n.;2;;Tamponamento;Rettilineo;Una carreggiata a senso unico alternato;Asciutto;Asfaltata;Orizzontale;Sereno;Normale;Buona;Ore Diurne;0;0;0;3;12.28256;41.73916;-1;1;Autovettura privata;In marcia / fermata / arresto;Conducente;M;Illeso;0;;Non accertato;Inesploso
2783159;13;20/04/2016 14:50;Strada Urbana;VIA DELLE CANARIE;in corrispondenza;;del civico n.;2;;Tamponamento;Rettilineo;Una carreggiata a senso unico alternato;Asciutto;Asfaltata;Orizzontale;Sereno;Normale;Buona;Ore Diurne;0;0;0;3;12.28256;41.73916;-1;1;Autovettura privata;In marcia / fermata / arresto;Passeggero;F;Illeso;0;;;
2783159;13;20/04/2016 14:50;Strada Urbana;VIA DELLE CANARIE;in corrispondenza;;del civico n.;2;;Tamponamento;Rettilineo;Una carreggiata a senso unico alternato;Asciutto;Asfaltata;Orizzontale;Sereno;Normale;Buona;Ore Diurne;0;0;0;3;12.28256;41.73916;-1;2;Autovettura privata;In marcia / fermata / arresto;Conducente;M;Illeso;0;;;
2783165;11;20/04/2016 08:05;Strada Urbana;VIALE ALDO BALLARIN;all'intersezione con;VIA GIUSEPPE GREZAR;VIA GIUSEPPE GREZAR;;;Investimento di pedone;Intersezione non regolata/non segnalata;Due carreggiate;Asciutto;Asfaltata;Verticale ed orizzontale;Sereno;Normale;Buona;Ore Diurne;1;0;0;1;12.49582;41.83443;-1;;;;Pedone;F;Rimandato;0;NON DECEDUTO;;
2783165;11;20/04/2016 08:05;Strada Urbana;VIALE ALDO BALLARIN;all'intersezione con;VIA GIUSEPPE GREZAR;VIA GIUSEPPE GREZAR;;;Investimento di pedone;Intersezione non regolata/non segnalata;Due carreggiate;Asciutto;Asfaltata;Verticale ed orizzontale;Sereno;Normale;Buona;Ore Diurne;1;0;0;1;12.49582;41.83443;-1;1;Autovettura privata;In marcia / fermata / arresto;Conducente;F;Illeso;0;;Non accertato;
2783168;17;19/04/2016 15:45;Strada Urbana;VIA CIPRO;in corrispondenza;;del civico n.;57;;Scontro laterale fra veicoli in marcia;Rettilineo;Una carreggiata a senso unico di marcia;Asciutto;Asfaltata;Verticale ed orizzontale;Sereno;Normale;Buona;Ore Diurne;0;0;0;2;12.44602;41.90637;-1;1;Motociclo con passeggero;In marcia / fermata / arresto;Conducente;M;Illeso;0;;;
2783168;17;19/04/2016 15:45;Strada Urbana;VIA CIPRO;in corrispondenza;;del civico n.;57;;Scontro laterale fra veicoli in marcia;Rettilineo;Una carreggiata a senso unico di marcia;Asciutto;Asfaltata;Verticale ed orizzontale;Sereno;Normale;Buona;Ore Diurne;0;0;0;2;12.44602;41.90637;-1;2;Autovettura privata;In marcia / fermata / arresto;Conducente;F;Illeso;0;;;
2783172;7;20/04/2016 18:00;Strada Urbana;VIALE ALESSANDRINO;in corrispondenza;;del civico n.;21;;Investimento di pedone;Rettilineo;Una carreggiata a doppio senso;Asciutto;Asfaltata;Orizzontale;Sereno;Normale;Sufficiente;Ore Diurne;1;0;0;2;12.57984;41.87159;-1;;;;Pedone;M;Rimandato;0;NON DECEDUTO;;
2783172;7;20/04/2016 18:00;Strada Urbana;VIALE ALESSANDRINO;in corrispondenza;;del civico n.;21;;Investimento di pedone;Rettilineo;Una carreggiata a doppio senso;Asciutto;Asfaltata;Orizzontale;Sereno;Normale;Sufficiente;Ore Diurne;1;0;0;2;12.57984;41.87159;-1;1;Autovettura privata;In marcia / fermata / arresto;Conducente;M;Illeso;0;;Non accertato;Inesploso
2783172;7;20/04/2016 18:00;Strada Urbana;VIALE ALESSANDRINO;in corrispondenza;;del civico n.;21;;Investimento di pedone;Rettilineo;Una carreggiata a doppio senso;Asciutto;Asfaltata;Orizzontale;Sereno;Normale;Sufficiente;Ore Diurne;1;0;0;2;12.57984;41.87159;-1;1;Autovettura privata;In marcia / fermata / arresto;Passeggero;F;Illeso;0;;Non accertato;Inesploso
2783185;1;20/04/2016 14:00;Strada Urbana;LUNGOTEVERE RIPA;in prossimità;;del palo luce n.;11;;Scontro laterale fra veicoli in marcia;Curva a visuale libera;Una carreggiata a senso unico di marcia;Asciutto;Asfaltata;Verticale ed orizzontale;Sereno;Normale;Buona;Ore Diurne;1;0;0;0;12.47885;41.88786;-1;1;Motociclo a solo;In marcia / fermata / arresto;Conducente;M;Rimandato;0;NON DECEDUTO;Non accertato;
2783191;17;20/04/2016 07:05;Strada Urbana;LUNGOTEVERE MARESCIALLO CADORNA;in prossimità;;del palo luce n.;3;;Ribaltamento senza urto contro ostacolo fisso;Rettilineo;Una carreggiata a senso unico di marcia;Asciutto;Asfaltata;Verticale;Sereno;Normale;Buona;Ore Diurne;1;0;0;0;12.45811;41.92785;-1;1;Motociclo a solo;In marcia / fermata / arresto;Conducente;M;Rimandato;0;NON DECEDUTO;;
2783205;20;20/04/2016 22:00;Strada Urbana;VIALE TIRRENO;all'intersezione semaforizzata con;CORSO SEMPIONE;CORSO SEMPIONE;;;Scontro frontale/laterale DX fra veicoli in marcia;Intersezione semaforizzata;Una carreggiata a doppio senso;Asciutto;Asfaltata;Verticale ed orizzontale;Sereno;Normale;Buona;Sufficiente;1;0;0;3;12.5337;41.93519;-1;1;Autovettura privata;In marcia / fermata / arresto;Conducente;M;Illeso;0;;Non accertato;Inesploso
2783205;20;20/04/2016 22:00;Strada Urbana;VIALE TIRRENO;all'intersezione semaforizzata con;CORSO SEMPIONE;CORSO SEMPIONE;;;Scontro frontale/laterale DX fra veicoli in marcia;Intersezione semaforizzata;Una carreggiata a doppio senso;Asciutto;Asfaltata;Verticale ed orizzontale;Sereno;Normale;Buona;Sufficiente;1;0;0;3;12.5337;41.93519;-1;1;Autovettura privata;In marcia / fermata / arresto;Passeggero;F;Illeso;0;;Non accertato;Inesploso
2783205;20;20/04/2016 22:00;Strada Urbana;VIALE TIRRENO;all'intersezione semaforizzata con;CORSO SEMPIONE;CORSO SEMPIONE;;;Scontro frontale/laterale DX fra veicoli in marcia;Intersezione semaforizzata;Una carreggiata a doppio senso;Asciutto;Asfaltata;Verticale ed orizzontale;Sereno;Normale;Buona;Sufficiente;1;0;0;3;12.5337;41.93519;-1;2;Motociclo con passeggero;In marcia / fermata / arresto;Conducente;M;Rimandato;0;NON DECEDUTO;;
2783205;20;20/04/2016 22:00;Strada Urbana;VIALE TIRRENO;all'intersezione semaforizzata con;CORSO SEMPIONE;CORSO SEMPIONE;;;Scontro frontale/laterale DX fra veicoli in marcia;Intersezione semaforizzata;Una carreggiata a doppio senso;Asciutto;Asfaltata;Verticale ed orizzontale;Sereno;Normale;Buona;Sufficiente;1;0;0;3;12.5337;41.93519;-1;2;Motociclo con passeggero;In marcia / fermata / arresto;Passeggero;F;Illeso;0;;Non accertato;
2783235;5;20/04/2016 18:00;Strada Urbana;VIA FABRIANO;all'intersezione con;VIA MONTEGIORGIO;VIA MONTEGIORGIO;;;Scontro frontale/laterale DX fra veicoli in marcia;Incrocio;Una carreggiata a doppio senso;Asciutto;Asfaltata;Verticale ed orizzontale;Sereno;Normale;Buona;Ore Diurne;1;0;0;1;12.58559;41.94182;-1;1;Autovettura privata;In marcia / fermata / arresto;Conducente;F;Illeso;0;;Non accertato;
2783235;5;20/04/2016 18:00;Strada Urbana;VIA FABRIANO;all'intersezione con;VIA MONTEGIORGIO;VIA MONTEGIORGIO;;;Scontro frontale/laterale DX fra veicoli in marcia;Incrocio;Una carreggiata a doppio senso;Asciutto;Asfaltata;Verticale ed orizzontale;Sereno;Normale;Buona;Ore Diurne;1;0;0;1;12.58559;41.94182;-1;2;Ciclomotore;In marcia / fermata / arresto;Conducente;M;Rimandato;0;NON DECEDUTO;Non accertato;
2783237;17;20/04/2016 13:30;Strada Urbana;VIA AURELIA;all'intersezione con;VIA PIETRO CIRIACI;VIA PIETRO CIRIACI;;;Scontro laterale fra veicoli in marcia;Incrocio;Una carreggiata a doppio senso;Asciutto;Asfaltata;Verticale ed orizzontale;Sereno;Normale;Buona;Ore Diurne;1;0;0;1;12.41307;41.89089;-1;1;Autovettura privata;In marcia / fermata / arresto;Conducente;M;Illeso;0;;;
2783237;17;20/04/2016 13:30;Strada Urbana;VIA AURELIA;all'intersezione con;VIA PIETRO CIRIACI;VIA PIETRO CIRIACI;;;Scontro laterale fra veicoli in marcia;Incrocio;Una carreggiata a doppio senso;Asciutto;Asfaltata;Verticale ed orizzontale;Sereno;Normale;Buona;Ore Diurne;1;0;0;1;12.41307;41.89089;-1;2;Motociclo con passeggero;In marcia / fermata / arresto;Conducente;M;Rimandato;0;NON DECEDUTO;;
2783240;20;20/04/2016 19:50;Strada Urbana;CORSO DI FRANCIA;in corrispondenza;;del civico n.;166;;Scontro frontale/laterale DX fra veicoli in marcia;Rettilineo;Più di due carreggiate;Asciutto;Asfaltata;Verticale ed orizzontale;Sereno;Normale;Sufficiente;Sufficiente;1;0;0;1;12.46996;41.94362;-1;1;Autocarro inferiore 35 q.;In marcia / fermata / arresto;Conducente;M;Illeso;0;;;
2783240;20;20/04/2016 19:50;Strada Urbana;CORSO DI FRANCIA;in corrispondenza;;del civico n.;166;;Scontro frontale/laterale DX fra veicoli in marcia;Rettilineo;Più di due carreggiate;Asciutto;Asfaltata;Verticale ed orizzontale;Sereno;Normale;Sufficiente;Sufficiente;1;0;0;1;12.46996;41.94362;-1;2;Motociclo a solo;In marcia / fermata / arresto;Conducente;M;Rimandato;0;NON DECEDUTO;Utilizzato;
2783245;18;20/04/2016 18:00;Statale entro l'abitato;VIA AURELIA;in prossimità;;del civico n.;220;;Veicolo in marcia contro ostacolo accidentale;Rettilineo;Una carreggiata a doppio senso;Viscido da liquidi oleosi;Asfaltata;Verticale ed orizzontale;Sereno;Normale;Buona;Ore Diurne;1;0;0;0;12.44384;41.89967;-1;1;Motociclo a solo;In marcia / fermata / arresto;Conducente;F;Rimandato;0;NON DECEDUTO;Non accertato;
2783246;1;20/04/2016 13:30;Strada Urbana;LUNGOTEVERE DELLA FARNESINA;da specificare;;;;banchina lungofiume altezza PONTE SISTO;Veicolo in marcia contro ostacolo fisso;Rettilineo;Una carreggiata a doppio senso;Asciutto;Asfaltata;Temporanea di cantiere;Sereno;Scarso;Buona;Ore Diurne;1;0;0;0;12.46782;41.89382;-1;1;Velocipede;In marcia / fermata / arresto;Conducente;M;Rimandato;0;NON DECEDUTO;Esente;
2783254;18;20/04/2016 17:00;Strada Urbana;CIRCONVALLAZIONE CORNELIA;all'intersezione con;VIA GIOVANNI DOMENICO PARACCIANI;VIA GIOVANNI DOMENICO PARACCIANI;;;Scontro laterale fra veicoli in marcia;Intersezione stradale segnalata;Più di due carreggiate;Asciutto;Asfaltata;Verticale ed orizzontale;Sereno;Normale;Buona;Ore Diurne;0;0;0;3;12.42484;41.90462;-1;1;Autovettura privata;In marcia / fermata / arresto;Conducente;F;Illeso;0;;Non accertato;Inesploso
2783254;18;20/04/2016 17:00;Strada Urbana;CIRCONVALLAZIONE CORNELIA;all'intersezione con;VIA GIOVANNI DOMENICO PARACCIANI;VIA GIOVANNI DOMENICO PARACCIANI;;;Scontro laterale fra veicoli in marcia;Intersezione stradale segnalata;Più di due carreggiate;Asciutto;Asfaltata;Verticale ed orizzontale;Sereno;Normale;Buona;Ore Diurne;0;0;0;3;12.42484;41.90462;-1;2;Autovettura privata;In marcia / fermata / arresto;Conducente;F;Illeso;0;;Non accertato;Inesploso
2783254;18;20/04/2016 17:00;Strada Urbana;CIRCONVALLAZIONE CORNELIA;all'intersezione con;VIA GIOVANNI DOMENICO PARACCIANI;VIA GIOVANNI DOMENICO PARACCIANI;;;Scontro laterale fra veicoli in marcia;Intersezione stradale segnalata;Più di due carreggiate;Asciutto;Asfaltata;Verticale ed orizzontale;Sereno;Normale;Buona;Ore Diurne;0;0;0;3;12.42484;41.90462;-1;2;Autovettura privata;In marcia / fermata / arresto;Passeggero;M;Illeso;0;;Non accertato;Inesploso