Protocollo;Gruppo;DataOraIncidente;Localizzazione1;STRADA1;Localizzazione2;STRADA2;Strada02;Chilometrica;DaSpecificare;NaturaIncidente;particolaritastrade;TipoStrada;FondoStradale;Pavimentazione;Segnaletica;CondizioneAtmosferica;Traffico;Visibilita;Illuminazione;NUM_FERITI;NUM_RISERVATA;NUM_MORTI;NUM_ILLESI;Longitudine;Latitudine;Confermato;Progressivo;TipoVeicolo;StatoVeicolo;TipoPersona;Sesso;Tipolesione;Deceduto;DecedutoDopo;CinturaCascoUtilizzato;Airbag
2787379;12;22/04/2016 22:20;Strada Urbana;VIA CRISTOFORO COLOMBO;all'intersezione semaforizzata con;VIALE DELL'UMANESIMO;VIALE DELL'UMANESIMO;;;Scontro laterale fra veicoli in marcia;Incrocio;Una carreggiata a senso unico di marcia;Asciutto;Asfaltata;Verticale ed orizzontale;Nuvoloso;Scarso;Insufficiente;Insufficiente;0;0;0;2;12.46762;41.82376;-1;2;Quadriciclo leggero;In marcia / fermata / arresto;Conducente;F;Illeso;0;;Non accertato;Inesploso
2787380;12;23/04/2016 06:00;Strada Urbana;VIA CRISTOFORO COLOMBO;da specificare;;;;altezza viale America (Direrzione GRA);Veicolo in marcia contro ostacolo fisso;Curva a visuale libera;Due carreggiate;Bagnato (pioggia);Asfaltata;Verticale ed orizzontale;Nuvoloso;Scarso;Buona;Ore Diurne;0;0;0;1;12.46878;41.82973;-1;1;Autocarro inferiore 35 q.;In marcia / fermata / arresto;Conducente;M;Illeso;0;;Non accertato;Inesploso
2787390;19;23/04/2016 22:30;Strada Urbana;VIA TRIONFALE;all'intersezione con;VIA DI MONTE ARSICCIO;VIA DI MONTE ARSICCIO;;;Scontro frontale/laterale SX fra veicoli in marcia;Incrocio;Una carreggiata a senso unico di marcia;Bagnato (pioggia);Asfaltata;Verticale ed orizzontale;Nuvoloso;Normale;Sufficiente;Sufficiente;2;0;0;1;12.41251;41.9573;-1;1;Autovettura privata;In marcia / fermata / arresto;Conducente;M;Illeso;0;;Non accertato;Inesploso
2787390;19;23/04/2016 22:30;Strada Urbana;VIA TRIONFALE;all'intersezione con;VIA DI MONTE ARSICCIO;VIA DI MONTE ARSICCIO;;;Scontro frontale/laterale SX fra veicoli in marcia;Incrocio;Una carreggiata a senso unico di marcia;Bagnato (pioggia);Asfaltata;Verticale ed orizzontale;Nuvoloso;Normale;Sufficiente;Sufficiente;2;0;0;1;12.41251;41.9573;-1;2;Motociclo a solo;In marcia / fermata / arresto;Conducente;M;Rimandato;0;NON DECEDUTO;Non accertato;
2787390;19;23/04/2016 22:30;Strada Urbana;VIA TRIONFALE;all'intersezione con;VIA DI MONTE ARSICCIO;VIA DI MONTE ARSICCIO;;;Scontro frontale/laterale SX fra veicoli in marcia;Incrocio;Una carreggiata a senso unico di marcia;Bagnato (pioggia);Asfaltata;Verticale ed orizzontale;Nuvoloso;Normale;Sufficiente;Sufficiente;2;0;0;1;12.41251;41.9573;-1;2;Motociclo a solo;In marcia / fermata / arresto;Passeggero;F;Rimandato;0;NON DECEDUTO;;
2787398;9;24/04/2016 10:30;Strada Urbana;VIA APPIA NUOVA;in corrispondenza;;del civico n.;397;;Tamponamento;Rettilineo;Due carreggiate;Asciutto;Asfaltata;Assente;Nuvoloso;Normale;Buona;Ore Diurne;2;0;0;1;12.52374;41.87446;-1;1;Autovettura privata;In marcia / fermata / arresto;Conducente;M;Illeso;0;;Non accertato;Inesploso
2787398;9;24/04/2016 10:30;Strada Urbana;VIA APPIA NUOVA;in corrispondenza;;del civico n.;397;;Tamponamento;Rettilineo;Due carreggiate;Asciutto;Asfaltata;Assente;Nuvoloso;Normale;Buona;Ore Diurne;2;0;0;1;12.52374;41.87446;-1;2;Autovettura privata;In marcia / fermata / arresto;Conducente;M;Rimandato;0;NON DECEDUTO;;
2787398;9;24/04/2016 10:30;Strada Urbana;VIA APPIA NUOVA;in corrispondenza;;del civico n.;397;;Tamponamento;Rettilineo;Due carreggiate;Asciutto;Asfaltata;Assente;Nuvoloso;Normale;Buona;Ore Diurne;2;0;0;1;12.52374;41.87446;-1;2;Autovettura privata;In marcia / fermata / arresto;Passeggero;F;Rimandato;0;NON DECEDUTO;Non accertato;Inesploso
2787403;2;23/04/2016 18:20;Strada Urbana;SOTTOVIA IGNAZIO GUIDI;da specificare;;;;DIR. NOMENTANA ALT. NH HOTEL;Veicolo in marcia contro ostacolo fisso;Curva a visuale libera;Due carreggiate;Bagnato (pioggia);Asfaltata;Verticale ed orizzontale;Pioggia in atto;Normale;Buona;Ore Diurne;0;0;0;1;12.46548;41.91097;-1;1;Autocarro inferiore 35 q.;In marcia / fermata / arresto;Conducente;M;Illeso;0;;;
2787404;2;23/04/2016 17:00;Strada Urbana;VIA SALARIA;in corrispondenza;;del civico n.;787;;Scontro laterale fra veicoli in marcia;Rettilineo;Una carreggiata a doppio senso;Asciutto;Asfaltata;Verticale ed orizzontale;Nuvoloso;Normale;Sufficiente;Sufficiente;0;0;0;3;12.50655;41.94798;-1;1;Autovettura privata;In marcia / fermata / arresto;Conducente;M;Illeso;0;;Non accertato;Inesploso
2787404;2;23/04/2016 17:00;Strada Urbana;VIA SALARIA;in corrispondenza;;del civico n.;787;;Scontro laterale fra veicoli in marcia;Rettilineo;Una carreggiata a doppio senso;Asciutto;Asfaltata;Verticale ed orizzontale;Nuvoloso;Normale;Sufficiente;Sufficiente;0;0;0;3;12.50655;41.94798;-1;1;Autovettura privata;In marcia / fermata / arresto;Passeggero;F;Illeso;0;;Non accertato;Inesploso
2787404;2;23/04/2016 17:00;Strada Urbana;VIA SALARIA;in corrispondenza;;del civico n.;787;;Scontro laterale fra veicoli in marcia;Rettilineo;Una carreggiata a doppio senso;Asciutto;Asfaltata;Verticale ed orizzontale;Nuvoloso;Normale;Sufficiente;Sufficiente;0;0;0;3;12.50655;41.94798;-1;2;Autovettura privata;In marcia / fermata / arresto;Conducente;M;Illeso;0;;Non accertato;Inesploso
2787407;12;23/04/2016 10:00;Provinciale;VIA LAURENTINA;da specificare;;;;altezza km. 13,800 (Direzione Ardea);Veicolo in marcia contro ostacolo fisso;Curva a visuale libera;Una carreggiata a doppio senso;Bagnato (pioggia);Asfaltata;Verticale ed orizzontale;Nuvoloso;Normale;Buona;Ore Diurne;0;0;0;1;12.48147;41.8018;-1;1;Autovettura privata;In marcia / fermata / arresto;Conducente;F;Illeso;0;;Non accertato;Inesploso
2787411;2;23/04/2016 21:00;Strada Urbana;VIA POGGIO CATINO;in prossimità;;del civico n.;31;;Veicolo in marcia contro veicolo in sosta;Rettilineo;Una carreggiata a doppio senso;Bagnato (umidità in atto);Asfaltata;Verticale ed orizzontale;Nuvoloso;Scarso;Buona;Sufficiente;0;0;0;1;12.51429;41.93092;-1;1;Autovettura privata;In marcia / fermata / arresto;Conducente;M;Illeso;0;;;
2787417;2;23/04/2016 15:10;Strada Urbana;VIALE DI VILLA GRAZIOLI;in corrispondenza;;del civico n.;3;;Scontro frontale/laterale DX fra veicoli in marcia;Rettilineo;Una carreggiata a doppio senso;Asciutto;Asfaltata;Verticale ed orizzontale;Nuvoloso;Scarso;Buona;Ore Diurne;0;0;0;3;12.50004;41.92154;-1;1;Autovettura privata;In marcia / fermata / arresto;Conducente;M;Illeso;0;;Non accertato;Inesploso
2787417;2;23/04/2016 15:10;Strada Urbana;VIALE DI VILLA GRAZIOLI;in corrispondenza;;del civico n.;3;;Scontro frontale/laterale DX fra veicoli in marcia;Rettilineo;Una carreggiata a doppio senso;Asciutto;Asfaltata;Verticale ed orizzontale;Nuvoloso;Scarso;Buona;Ore Diurne;0;0;0;3;12.50004;41.92154;-1;1;Autovettura privata;In marcia / fermata / arresto;Passeggero;F;Illeso;0;;Non accertato;Inesploso
2787417;2;23/04/2016 15:10;Strada Urbana;VIALE DI VILLA GRAZIOLI;in corrispondenza;;del civico n.;3;;Scontro frontale/laterale DX fra veicoli in marcia;Rettilineo;Una carreggiata a doppio senso;Asciutto;Asfaltata;Verticale ed orizzontale;Nuvoloso;Scarso;Buona;Ore Diurne;0;0;0;3;12.50004;41.92154;-1;2;Autovettura privata;In marcia / fermata / arresto;Conducente;F;Illeso;0;;Non accertato;Inesploso
2787419;2;24/04/2016 11:40;Strada Urbana;VIA POGGIO CATINO;da specificare;;;;in prossimità di Via di Trasone;Veicolo in marcia contro veicolo in sosta;Rettilineo;Una carreggiata a senso unico di marcia;Asciutto;Asfaltata;Verticale ed orizzontale;Nuvoloso;Normale;Buona;Ore Diurne;0;0;0;2;12.5146;41.93084;-1;1;Autovettura privata;In marcia / fermata / arresto;Conducente;M;Illeso;0;;;
2787419;2;24/04/2016 11:40;Strada Urbana;VIA POGGIO CATINO;da specificare;;;;in prossimità di Via di Trasone;Veicolo in marcia contro veicolo in sosta;Rettilineo;Una carreggiata a senso unico di marcia;Asciutto;Asfaltata;Verticale ed orizzontale;Nuvoloso;Normale;Buona;Ore Diurne;0;0;0;2;12.5146;41.93084;-1;1;Autovettura privata;In marcia / fermata / arresto;Passeggero;M;Illeso;0;;;
2787433;2;23/04/2016 16:30;Strada Urbana;VIA LISBONA;all'intersezione con;VIA FRATELLI RUSPOLI;VIA FRATELLI RUSPOLI;;;Scontro frontale/laterale DX fra veicoli in marcia;Incrocio;Una carreggiata a senso unico di marcia;Asciutto;Asfaltata;Verticale ed orizzontale;Sereno;Normale;Buona;Ore Diurne;0;0;0;2;12.49691;41.92409;-1;1;Autovettura privata;In marcia / fermata / arresto;Conducente;F;Illeso;0;;Non accertato;Inesploso
2787433;2;23/04/2016 16:30;Strada Urbana;VIA LISBONA;all'intersezione con;VIA FRATELLI RUSPOLI;VIA FRATELLI RUSPOLI;;;Scontro frontale/laterale DX fra veicoli in marcia;Incrocio;Una carreggiata a senso unico di marcia;Asciutto;Asfaltata;Verticale ed orizzontale;Sereno;Normale;Buona;Ore Diurne;0;0;0;2;12.49691;41.92409;-1;2;Autovettura privata;In marcia / fermata / arresto;Conducente;F;Illeso;0;;Non accertato;Inesploso
2787455;12;23/04/2016 03:40;Strada Urbana;VIA CRISTOFORO COLOMBO;all'intersezione con;VIALE AMERICA;VIALE AMERICA;;;Veicolo in marcia contro ostacolo fisso;Incrocio;Due carreggiate;Bagnato (pioggia);Asfaltata;Verticale ed orizzontale;Pioggia in atto;Scarso;Sufficiente;Sufficiente;1;0;0;0;12.46706;41.82897;-1;1;Autovettura privata;In marcia / fermata / arresto;Conducente;M;Rimandato;0;NON DECEDUTO;Utilizzato;Esploso
2787726;13;22/04/2016 07:35;Strada Urbana;VIALE DEI PROMONTORI;all'intersezione con;VIA CAPO SPARTIVENTO;VIA CAPO SPARTIVENTO;;;Scontro frontale/laterale DX fra veicoli in marcia;Intersezione stradale segnalata;Una carreggiata a senso unico di marcia;Asciutto;Asfaltata;Verticale ed orizzontale;Sereno;Intenso;Buona;Ore Diurne;0;0;0;3;12.29343;41.73694;-1;1;Autovettura privata;In marcia / fermata / arresto;Conducente;M;Illeso;0;;Non accertato;Inesploso
2787726;13;22/04/2016 07:35;Strada Urbana;VIALE DEI PROMONTORI;all'intersezione con;VIA CAPO SPARTIVENTO;VIA CAPO SPARTIVENTO;;;Scontro frontale/laterale DX fra veicoli in marcia;Intersezione stradale segnalata;Una carreggiata a senso unico di marcia;Asciutto;Asfaltata;Verticale ed orizzontale;Sereno;Intenso;Buona;Ore Diurne;0;0;0;3;12.29343;41.73694;-1;1;Autovettura privata;In marcia / fermata / arresto;Passeggero;M;Illeso;0;;Non accertato;Inesploso
2787726;13;22/04/2016 07:35;Strada Urbana;VIALE DEI PROMONTORI;all'intersezione con;VIA CAPO SPARTIVENTO;VIA CAPO SPARTIVENTO;;;Scontro frontale/laterale DX fra veicoli in marcia;Intersezione stradale segnalata;Una carreggiata a senso unico di marcia;Asciutto;Asfaltata;Verticale ed orizzontale;Sereno;Intenso;Buona;Ore Diurne;0;0;0;3;12.29343;41.73694;-1;2;Autovettura privata;In marcia / fermata / arresto;Conducente;M;Illeso;0;;Non accertato;Inesploso
2787736;13;24/04/2016 03:30;Strada Urbana;VIA ALZANO LOMBARDO;in corrispondenza;;del civico n.;12;;Veicolo in marcia contro veicolo in sosta;Rettilineo;Una carreggiata a doppio senso;Asciutto;Asfaltata;Assente;Sereno;Scarso;Buona;Sufficiente;0;0;0;1;12.32729;41.79125;-1;2;Autovettura privata;In marcia / fermata / arresto;Conducente;M;Illeso;0;;Non accertato;Inesploso
2787742;13;24/04/2016 08:00;Strada Urbana;VIA DEI MONTI DI S. PAOLO;in prossimità;;del civico n.;1;;Scontro laterale fra veicoli in marcia;Rettilineo;Una carreggiata a doppio senso;Asciutto;Asfaltata;Assente;Nuvoloso;Scarso;Buona;Ore Diurne;0;0;0;2;12.35978;41.78543;-1;1;Macchina operatrice;In marcia / fermata / arresto;Conducente;F;Illeso;0;;Non accertato;Inesploso
2787742;13;24/04/2016 08:00;Strada Urbana;VIA DEI MONTI DI S. PAOLO;in prossimità;;del civico n.;1;;Scontro laterale fra veicoli in marcia;Rettilineo;Una carreggiata a doppio senso;Asciutto;Asfaltata;Assente;Nuvoloso;Scarso;Buona;Ore Diurne;0;0;0;2;12.35978;41.78543;-1;2;Autobus di linea;In marcia / fermata / arresto;Conducente;M;Illeso;0;;Non accertato;Inesploso
2787745;13;24/04/2016 21:05;Strada Urbana;VIA VINCENZO DAVICO;all'intersezione con;VIA UMBERTO GIORDANO;VIA UMBERTO GIORDANO;;;Scontro laterale fra veicoli in marcia;Incrocio;Una carreggiata a doppio senso;Asciutto;Asfaltata;Verticale;Nuvoloso;Normale;Buona;Sufficiente;0;0;0;3;12.35697;41.74444;-1;1;Autovettura privata;In marcia / fermata / arresto;Conducente;M;Illeso;0;;Non accertato;Inesploso
2787745;13;24/04/2016 21:05;Strada Urbana;VIA VINCENZO DAVICO;all'intersezione con;VIA UMBERTO GIORDANO;VIA UMBERTO GIORDANO;;;Scontro laterale fra veicoli in marcia;Incrocio;Una carreggiata a doppio senso;Asciutto;Asfaltata;Verticale;Nuvoloso;Normale;Buona;Sufficiente;0;0;0;3;12.35697;41.74444;-1;1;Autovettura privata;In marcia / fermata / arresto;Passeggero;M;Illeso;0;;Non accertato;Inesploso
2787745;13;24/04/2016 21:05;Strada Urbana;VIA VINCENZO DAVICO;all'intersezione con;VIA UMBERTO GIORDANO;VIA UMBERTO GIORDANO;;;Scontro laterale fra veicoli in marcia;Incrocio;Una carreggiata a doppio senso;Asciutto;Asfaltata;Verticale;Nuvoloso;Normale;Buona;Sufficiente;0;0;0;3;12.35697;41.74444;-1;2;Autovettura privata;In marcia / fermata / arresto;Conducente;M;Illeso;0;;Non accertato;Inesploso
2787748;13;24/04/2016 21:27;Strada Urbana;VIA DOBBIACO;all'intersezione con;VIA CAVARENO;VIA CAVARENO;;;Scontro frontale/laterale DX fra veicoli in marcia;Incrocio;Una carreggiata a doppio senso;Asciutto;Asfaltata;Assente;Sereno;Normale;Buona;Sufficiente;1;0;0;4;12.38414;41.737;-1;1;Autovettura privata;In marcia / fermata / arresto;Conducente;M;Illeso;0;;Non accertato;Inesploso
2787748;13;24/04/2016 21:27;Strada Urbana;VIA DOBBIACO;all'intersezione con;VIA CAVARENO;VIA CAVARENO;;;Scontro frontale/laterale DX fra veicoli in marcia;Incrocio;Una carreggiata a doppio senso;Asciutto;Asfaltata;Assente;Sereno;Normale;Buona;Sufficiente;1;0;0;4;12.38414;41.737;-1;1;Autovettura privata;In marcia / fermata / arresto;Passeggero;F;Illeso;0;;Non accertato;Inesploso
2787748;13;24/04/2016 21:27;Strada Urbana;VIA DOBBIACO;all'intersezione con;VIA CAVARENO;VIA CAVARENO;;;Scontro frontale/laterale DX fra veicoli in marcia;Incrocio;Una carreggiata a doppio senso;Asciutto;Asfaltata;Assente;Sereno;Normale;Buona;Sufficiente;1;0;0;4;12.38414;41.737;-1;1;Autovettura privata;In marcia / fermata / arresto;Passeggero;F;Illeso;0;;Non accertato;Inesploso
2787748;13;24/04/2016 21:27;Strada Urbana;VIA DOBBIACO;all'intersezione con;VIA CAVARENO;VIA CAVARENO;;;Scontro frontale/laterale DX fra veicoli in marcia;Incrocio;Una carreggiata a doppio senso;Asciutto;Asfaltata;Assente;Sereno;Normale;Buona;Sufficiente;1;0;0;4;12.38414;41.737;-1;1;Autovettura privata;In marcia / fermata / arresto;Passeggero;M;Illeso;0;;Non accertato;Inesploso
2787748;13;24/04/2016 21:27;Strada Urbana;VIA DOBBIACO;all'intersezione con;VIA CAVARENO;VIA CAVARENO;;;Scontro frontale/laterale DX fra veicoli in marcia;Incrocio;Una carreggiata a doppio senso;Asciutto;Asfaltata;Assente;Sereno;Normale;Buona;Sufficiente;1;0;0;4;12.38414;41.737;-1;2;Autovettura privata;In marcia / fermata / arresto;Conducente;M;Rimandato;0;NON DECEDUTO;Non accertato;Inesploso
2787749;16;23/04/2016 20:05;Strada Urbana;VIALE DEI COLLI PORTUENSI;in prossimità;;del civico n.;604;;Tamponamento;Rettilineo;Due carreggiate;Asciutto;Asfaltata;Verticale;Nuvoloso;Normale;Buona;Sufficiente;0;0;0;3;12.44307;41.86091;-1;1;Autovettura privata;In marcia / fermata / arresto;Conducente;M;Illeso;0;;Non accertato;Inesploso
2787749;16;23/04/2016 20:05;Strada Urbana;VIALE DEI COLLI PORTUENSI;in prossimità;;del civico n.;604;;Tamponamento;Rettilineo;Due carreggiate;Asciutto;Asfaltata;Verticale;Nuvoloso;Normale;Buona;Sufficiente;0;0;0;3;12.44307;41.86091;-1;1;Autovettura privata;In marcia / fermata / arresto;Passeggero;F;Illeso;0;;Non accertato;Inesploso
2787749;16;23/04/2016 20:05;Strada Urbana;VIALE DEI COLLI PORTUENSI;in prossimità;;del civico n.;604;;Tamponamento;Rettilineo;Due carreggiate;Asciutto;Asfaltata;Verticale;Nuvoloso;Normale;Buona;Sufficiente;0;0;0;3;12.44307;41.86091;-1;3;Autovettura privata;In marcia / fermata / arresto;Conducente;F;Illeso;0;;Non accertato;Inesploso
2787815;13;24/04/2016 14:20;Strada Urbana;VIALE DEI ROMAGNOLI;da specificare;;;;alt. isola spartitraffico pressi stazione Acilia;Veicolo in marcia contro ostacolo accidentale;Curva a visuale libera;Una carreggiata a senso unico di marcia;Asciutto;Asfaltata;Assente;Sereno;Normale;Buona;Ore Diurne;1;0;0;1;12.28799;41.74581;-1;1;Autovettura privata;In marcia / fermata / arresto;Conducente;M;Illeso;0;;Non accertato;Esploso
2787815;13;24/04/2016 14:20;Strada Urbana;VIALE DEI ROMAGNOLI;da specificare;;;;alt. isola spartitraffico pressi stazione Acilia;Veicolo in marcia contro ostacolo accidentale;Curva a visuale libera;Una carreggiata a senso unico di marcia;Asciutto;Asfaltata;Assente;Sereno;Normale;Buona;Ore Diurne;1;0;0;1;12.28799;41.74581;-1;1;Autovettura privata;In marcia / fermata / arresto;Passeggero;M;Ricoverato;0;NON DECEDUTO;Non accertato;Inesploso
2788009;19;24/04/2016 16:25;Strada Urbana;VIA PASQUALE II;in prossimità;;del civico n.;145;;Investimento di pedone;Rettilineo;Una carreggiata a doppio senso;Asciutto;Asfaltata;Orizzontale;Sereno;Scarso;Buona;Ore Diurne;1;0;1;0;12.41048;41.91118;-1;;;;Pedone;M;Deceduto durante trasporto;-1;;;
2788009;19;24/04/2016 16:25;Strada Urbana;VIA PASQUALE II;in prossimità;;del civico n.;145;;Investimento di pedone;Rettilineo;Una carreggiata a doppio senso;Asciutto;Asfaltata;Orizzontale;Sereno;Scarso;Buona;Ore Diurne;1;0;1;0;12.41048;41.91118;-1;1;Autovettura privata;In marcia / fermata / arresto;Conducente;F;Rimandato;0;NON DECEDUTO;;
2788040;19;23/04/2016 02:45;Strada Urbana;VIA CASSIA;all'intersezione con;VIA RONCIGLIONE;VIA RONCIGLIONE;;;Scontro frontale/laterale DX fra veicoli in marcia;Incrocio;Una carreggiata a doppio senso;Asciutto;Strada pavimentata dissestata;Verticale;Sereno;Scarso;Sufficiente;Sufficiente;0;0;0;3;12.46534;41.94232;-1;1;Autovettura privata;In marcia / fermata / arresto;Conducente;M;Illeso;0;;;
2788040;19;23/04/2016 02:45;Strada Urbana;VIA CASSIA;all'intersezione con;VIA RONCIGLIONE;VIA RONCIGLIONE;;;Scontro frontale/laterale DX fra veicoli in marcia;Incrocio;Una carreggiata a doppio senso;Asciutto;Strada pavimentata dissestata;Verticale;Sereno;Scarso;Sufficiente;Sufficiente;0;0;0;3;12.46534;41.94232;-1;2;Autovettura privata;In marcia / fermata / arresto;Conducente;M;Illeso;0;;;
2788040;19;23/04/2016 02:45;Strada Urbana;VIA CASSIA;all'intersezione con;VIA RONCIGLIONE;VIA RONCIGLIONE;;;Scontro frontale/laterale DX fra veicoli in marcia;Incrocio;Una carreggiata a doppio senso;Asciutto;Strada pavimentata dissestata;Verticale;Sereno;Scarso;Sufficiente;Sufficiente;0;0;0;3;12.46534;41.94232;-1;2;Autovettura privata;In marcia / fermata / arresto;Passeggero;M;Illeso;0;;;
2788149;6;25/04/2016 01:15;Strada Urbana;VIA DI TOR TRE TESTE;all'intersezione con;VIA PRENESTINA;VIA PRENESTINA;;;Scontro laterale fra veicoli in marcia;Rotatoria;Una carreggiata a senso unico di marcia;Bagnato (pioggia);Asfaltata;Verticale ed orizzontale;Nuvoloso;Scarso;Buona;Sufficiente;1;0;0;2;12.59128;41.89047;-1;1;Autovettura privata;In marcia / fermata / arresto;Conducente;M;Illeso;0;;;
2788149;6;25/04/2016 01:15;Strada Urbana;VIA DI TOR TRE TESTE;all'intersezione con;VIA PRENESTINA;VIA PRENESTINA;;;Scontro laterale fra veicoli in marcia;Rotatoria;Una carreggiata a senso unico di marcia;Bagnato (pioggia);Asfaltata;Verticale ed orizzontale;Nuvoloso;Scarso;Buona;Sufficiente;1;0;0;2;12.59128;41.89047;-1;1;Autovettura privata;In marcia / fermata / arresto;Passeggero;M;Illeso;0;;;
2788149;6;25/04/2016 01:15;Strada Urbana;VIA DI TOR TRE TESTE;all'intersezione con;VIA PRENESTINA;VIA PRENESTINA;;;Scontro laterale fra veicoli in marcia;Rotatoria;Una carreggiata a senso unico di marcia;Bagnato (pioggia);Asfaltata;Verticale ed orizzontale;Nuvoloso;Scarso;Buona;Sufficiente;1;0;0;2;12.59128;41.89047;-1;2;Motociclo a solo;In marcia / fermata / arresto;Conducente;M;Rifiuta cure immediate;0;NON DECEDUTO;;
2788403;20;25/04/2016 11:00;Strada Urbana;VIALE CORTINA D'AMPEZZO;in corrispondenza;;del palo luce n.;17;;Veicolo in marcia contro ostacolo fisso;Rettilineo;Una carreggiata a doppio senso;Asciutto;Asfaltata;Verticale ed orizzontale;Nuvoloso;Scarso;Buona;Ore Diurne;1;0;0;0;12.44368;41.94779;-1;1;Autovettura privata;In marcia / fermata / arresto;Conducente;M;Rimandato;0;NON DECEDUTO;;Esploso
2788419;20;25/04/2016 08:00;Provinciale entro l'abitato;VIA BRACCIANENSE;da specificare;;;;prossimità cabina ACEA n.18376;Scontro laterale fra veicoli in marcia;Curva senza visuale libera;Una carreggiata a doppio senso;Bagnato (umidità in atto);Asfaltata;Verticale ed orizzontale;Nuvoloso;Normale;Sufficiente;Ore Diurne;0;0;0;3;12.39145;41.99518;-1;1;Autovettura privata;In marcia / fermata / arresto;Conducente;F;Illeso;0;;;
2788419;20;25/04/2016 08:00;Provinciale entro l'abitato;VIA BRACCIANENSE;da specificare;;;;prossimità cabina ACEA n.18376;Scontro laterale fra veicoli in marcia;Curva senza visuale libera;Una carreggiata a doppio senso;Bagnato (umidità in atto);Asfaltata;Verticale ed orizzontale;Nuvoloso;Normale;Sufficiente;Ore Diurne;0;0;0;3;12.39145;41.99518;-1;2;Autocarro inferiore 35 q.;In marcia / fermata / arresto;Conducente;M;Illeso;0;;;
2788419;20;25/04/2016 08:00;Provinciale entro l'abitato;VIA BRACCIANENSE;da specificare;;;;prossimità cabina ACEA n.18376;Scontro laterale fra veicoli in marcia;Curva senza visuale libera;Una carreggiata a doppio senso;Bagnato (umidità in atto);Asfaltata;Verticale ed orizzontale;Nuvoloso;Normale;Sufficiente;Ore Diurne;0;0;0;3;12.39145;41.99518;-1;2;Autocarro inferiore 35 q.;In marcia / fermata / arresto;Passeggero;M;Illeso;0;;;
2788439;20;25/04/2016 00:50;Strada Urbana;VIA CASSIA;in prossimità;;del civico n.;818;;Tamponamento Multiplo;Rettilineo;Una carreggiata a doppio senso;Bagnato (umidità in atto);Asfaltata;Verticale ed orizzontale;Nuvoloso;Scarso;Buona;Sufficiente;1;0;0;3;12.43974;41.96728;-1;1;Autovettura privata;In marcia / fermata / arresto;Conducente;M;Illeso;0;;;Inesploso
2788439;20;25/04/2016 00:50;Strada Urbana;VIA CASSIA;in prossimità;;del civico n.;818;;Tamponamento Multiplo;Rettilineo;Una carreggiata a doppio senso;Bagnato (umidità in atto);Asfaltata;Verticale ed orizzontale;Nuvoloso;Scarso;Buona;Sufficiente;1;0;0;3;12.43974;41.96728;-1;1;Autovettura privata;In marcia / fermata / arresto;Passeggero;F;Illeso;0;;;
2788439;20;25/04/2016 00:50;Strada Urbana;VIA CASSIA;in prossimità;;del civico n.;818;;Tamponamento Multiplo;Rettilineo;Una carreggiata a doppio senso;Bagnato (umidità in atto);Asfaltata;Verticale ed orizzontale;Nuvoloso;Scarso;Buona;Sufficiente;1;0;0;3;12.43974;41.96728;-1;2;Autovettura privata;In marcia / fermata / arresto;Conducente;M;Rimandato;0;NON DECEDUTO;Non accertato;
2788439;20;25/04/2016 00:50;Strada Urbana;VIA CASSIA;in prossimità;;del civico n.;818;;Tamponamento Multiplo;Rettilineo;Una carreggiata a doppio senso;Bagnato (umidità in atto);Asfaltata;Verticale ed orizzontale;Nuvoloso;Scarso;Buona;Sufficiente;1;0;0;3;12.43974;41.96728;-1;3;Autovettura privata;In marcia / fermata / arresto;Conducente;M;Illeso;0;;;
2788589;9;25/04/2016 11:40;Strada Urbana;VIA APPIA NUOVA;all'intersezione semaforizzata con;VIA MARIO MENGHINI;VIA MARIO MENGHINI;;;Veicolo in marcia contro veicoli in sosta;Incrocio;Due carreggiate;Asciutto;Asfaltata;Verticale ed orizzontale;Sereno;Normale;Buona;Ore Diurne;0;0;0;2;12.5287;41.86982;-1;1;Autovettura privata;In marcia / fermata / arresto;Conducente;F;Illeso;0;;Non accertato;Inesploso
2788589;9;25/04/2016 11:40;Strada Urbana;VIA APPIA NUOVA;all'intersezione semaforizzata con;VIA MARIO MENGHINI;VIA MARIO MENGHINI;;;Veicolo in marcia contro veicoli in sosta;Incrocio;Due carreggiate;Asciutto;Asfaltata;Verticale ed orizzontale;Sereno;Normale;Buona;Ore Diurne;0;0;0;2;12.5287;41.86982;-1;1;Autovettura privata;In marcia / fermata / arresto;Passeggero;M;Illeso;0;;Non accertato;Inesploso
2788590;9;25/04/2016 19:05;Strada Urbana;PIAZZALE LABICANO;da specificare;;;;per VIA CASILINA;Scontro laterale fra veicoli in marcia;Rettilineo;Due carreggiate;Asciutto;Asfaltata;Verticale ed orizzontale;Sereno;Scarso;Buona;Ore Diurne;0;0;0;2;12.51545;41.89108;-1;1;Autovettura privata;In marcia / fermata / arresto;Conducente;M;Illeso;0;;Non accertato;Inesploso
2788590;9;25/04/2016 19:05;Strada Urbana;PIAZZALE LABICANO;da specificare;;;;per VIA CASILINA;Scontro laterale fra veicoli in marcia;Rettilineo;Due carreggiate;Asciutto;Asfaltata;Verticale ed orizzontale;Sereno;Scarso;Buona;Ore Diurne;0;0;0;2;12.51545;41.89108;-1;2;Autovettura privata;In marcia / fermata / arresto;Conducente;F;Illeso;0;;Utilizzato;Inesploso