Protocollo;Gruppo;DataOraIncidente;Localizzazione1;STRADA1;Localizzazione2;STRADA2;Strada02;Chilometrica;DaSpecificare;NaturaIncidente;particolaritastrade;TipoStrada;FondoStradale;Pavimentazione;Segnaletica;CondizioneAtmosferica;Traffico;Visibilita;Illuminazione;NUM_FERITI;NUM_RISERVATA;NUM_MORTI;NUM_ILLESI;Longitudine;Latitudine;Confermato;Progressivo;TipoVeicolo;StatoVeicolo;TipoPersona;Sesso;Tipolesione;Deceduto;DecedutoDopo;CinturaCascoUtilizzato;Airbag
2789750;23;25/04/2016 16:50;Comunale extraurbana;VIA CRISTOFORO COLOMBO;all'intersezione semaforizzata con;VIA DI CASAL PALOCCO;VIA DI CASAL PALOCCO;;;Scontro frontale/laterale SX fra veicoli in marcia;Intersezione semaforizzata;Più di due carreggiate;Asciutto;Asfaltata;Verticale ed orizzontale;Sereno;Normale;Buona;Ore Diurne;0;0;0;3;12.42449;41.78815;-1;2;Autovettura privata;In marcia / fermata / arresto;Passeggero;M;Illeso;0;;Non accertato;Inesploso
2789753;1;23/04/2016 18:45;Strada Urbana;VIA DEL CORSO;in prossimità;;del civico n.;421;;Scontro laterale fra veicoli in marcia;Rettilineo;Una carreggiata a senso unico di marcia;Bagnato (pioggia);Asfaltata;Verticale ed orizzontale;Pioggia in atto;Scarso;Buona;Ore Diurne;0;0;0;2;12.47869;41.9049;-1;1;Autovettura privata;In marcia / fermata / arresto;Conducente;M;Illeso;0;;Non accertato;
2789753;1;23/04/2016 18:45;Strada Urbana;VIA DEL CORSO;in prossimità;;del civico n.;421;;Scontro laterale fra veicoli in marcia;Rettilineo;Una carreggiata a senso unico di marcia;Bagnato (pioggia);Asfaltata;Verticale ed orizzontale;Pioggia in atto;Scarso;Buona;Ore Diurne;0;0;0;2;12.47869;41.9049;-1;2;Velocipede;In marcia / fermata / arresto;Conducente;M;Illeso;0;;Esente;
2789756;19;26/04/2016 14:40;Strada Urbana;VIA GIANCARLO BITOSSI;in prossimità;;del civico n.;28;;Veicolo in marcia contro ostacolo accidentale;Rettilineo;Una carreggiata a senso unico di marcia;Asciutto;Asfaltata;Assente;Nuvoloso;Normale;Buona;Ore Diurne;1;0;0;1;12.43914;41.92683;-1;1;Autovettura privata;In marcia / fermata / arresto;Conducente;M;Illeso;0;;Non accertato;Inesploso
2789756;19;26/04/2016 14:40;Strada Urbana;VIA GIANCARLO BITOSSI;in prossimità;;del civico n.;28;;Veicolo in marcia contro ostacolo accidentale;Rettilineo;Una carreggiata a senso unico di marcia;Asciutto;Asfaltata;Assente;Nuvoloso;Normale;Buona;Ore Diurne;1;0;0;1;12.43914;41.92683;-1;2;Motociclo a solo;In marcia / fermata / arresto;Conducente;M;Rimandato;0;NON DECEDUTO;Non accertato;
2789760;16;23/04/2016 14:20;Strada Urbana;VIA LUIGI RONZONI;in prossimità;;del civico n.;31;;Scontro frontale/laterale DX fra veicoli in marcia;Rettilineo;Una carreggiata a senso unico di marcia;Asciutto;Asfaltata;Verticale ed orizzontale;Sereno;Normale;Buona;Ore Diurne;0;0;0;2;12.44714;41.86658;-1;1;Autovettura privata;In marcia / fermata / arresto;Conducente;F;Illeso;0;;Non accertato;
2789760;16;23/04/2016 14:20;Strada Urbana;VIA LUIGI RONZONI;in prossimità;;del civico n.;31;;Scontro frontale/laterale DX fra veicoli in marcia;Rettilineo;Una carreggiata a senso unico di marcia;Asciutto;Asfaltata;Verticale ed orizzontale;Sereno;Normale;Buona;Ore Diurne;0;0;0;2;12.44714;41.86658;-1;2;Autovettura privata;In marcia / fermata / arresto;Conducente;M;Illeso;0;;Non accertato;
2789764;19;26/04/2016 13:00;Strada Urbana;VIA TRIONFALE;in prossimità;;del civico n.;7687;;Tamponamento Multiplo;Rettilineo;Due carreggiate;Bagnato (pioggia);Asfaltata;Orizzontale;Nuvoloso;Intenso;Buona;Ore Diurne;0;0;0;4;12.43251;41.93487;-1;1;Autovettura privata;In marcia / fermata / arresto;Conducente;F;Illeso;0;;;
2789764;19;26/04/2016 13:00;Strada Urbana;VIA TRIONFALE;in prossimità;;del civico n.;7687;;Tamponamento Multiplo;Rettilineo;Due carreggiate;Bagnato (pioggia);Asfaltata;Orizzontale;Nuvoloso;Intenso;Buona;Ore Diurne;0;0;0;4;12.43251;41.93487;-1;2;Autovettura privata;In marcia / fermata / arresto;Conducente;M;Illeso;0;;;
2789764;19;26/04/2016 13:00;Strada Urbana;VIA TRIONFALE;in prossimità;;del civico n.;7687;;Tamponamento Multiplo;Rettilineo;Due carreggiate;Bagnato (pioggia);Asfaltata;Orizzontale;Nuvoloso;Intenso;Buona;Ore Diurne;0;0;0;4;12.43251;41.93487;-1;2;Autovettura privata;In marcia / fermata / arresto;Passeggero;M;Illeso;0;;;
2789764;19;26/04/2016 13:00;Strada Urbana;VIA TRIONFALE;in prossimità;;del civico n.;7687;;Tamponamento Multiplo;Rettilineo;Due carreggiate;Bagnato (pioggia);Asfaltata;Orizzontale;Nuvoloso;Intenso;Buona;Ore Diurne;0;0;0;4;12.43251;41.93487;-1;3;Autocarro inferiore 35 q.;In marcia / fermata / arresto;Conducente;M;Illeso;0;;;
2789774;7;26/04/2016 12:30;Strada Urbana;VIA SALVIATI;all'intersezione con;VIA DI TOR CERVARA;VIA DI TOR CERVARA;;;Veicolo in marcia contro veicolo arresto;Incrocio;Una carreggiata a doppio senso;Asciutto;Asfaltata;Verticale ed orizzontale;Nuvoloso;Normale;Buona;Ore Diurne;1;0;0;1;12.58878;41.9077;-1;1;Autovettura privata;In marcia / fermata / arresto;Conducente;F;Illeso;0;;Non accertato;Inesploso
2789774;7;26/04/2016 12:30;Strada Urbana;VIA SALVIATI;all'intersezione con;VIA DI TOR CERVARA;VIA DI TOR CERVARA;;;Veicolo in marcia contro veicolo arresto;Incrocio;Una carreggiata a doppio senso;Asciutto;Asfaltata;Verticale ed orizzontale;Nuvoloso;Normale;Buona;Ore Diurne;1;0;0;1;12.58878;41.9077;-1;2;Motociclo a solo;In marcia / fermata / arresto;Conducente;M;Rimandato;0;NON DECEDUTO;Non accertato;
2789785;17;22/04/2016 18:30;Strada Urbana;LUNGOTEVERE DELLE ARMI;in prossimità;;del civico n.;25D;;Veicolo in marcia contro veicoli in sosta;Rettilineo;Una carreggiata a senso unico di marcia;Asciutto;Asfaltata;Verticale ed orizzontale;Sereno;Normale;Buona;Ore Diurne;0;0;0;1;12.46952;41.91731;-1;1;Autovettura pubblica;In marcia / fermata / arresto;Conducente;M;Illeso;0;;Non accertato;Inesploso
2789786;1;26/04/2016 17:15;Strada Urbana;VIALE AVENTINO;all'intersezione con;VIA AVENTINA;VIA AVENTINA;;;Scontro frontale/laterale SX fra veicoli in marcia;Incrocio;Più di due carreggiate;Bagnato (pioggia);In cubetti di porfido;Verticale ed orizzontale;Pioggia in atto;Normale;Buona;Ore Diurne;1;0;0;1;12.48654;41.88214;-1;1;Autovettura privata;In marcia / fermata / arresto;Conducente;M;Illeso;0;;Non accertato;Inesploso
2789786;1;26/04/2016 17:15;Strada Urbana;VIALE AVENTINO;all'intersezione con;VIA AVENTINA;VIA AVENTINA;;;Scontro frontale/laterale SX fra veicoli in marcia;Incrocio;Più di due carreggiate;Bagnato (pioggia);In cubetti di porfido;Verticale ed orizzontale;Pioggia in atto;Normale;Buona;Ore Diurne;1;0;0;1;12.48654;41.88214;-1;2;Motociclo a solo;In marcia / fermata / arresto;Conducente;M;Ricoverato;0;NON DECEDUTO;Non accertato;
2789790;1;24/04/2016 01:00;Strada Urbana;VIA GUSTAVO MODENA;all'intersezione con;PIAZZA GIUDITTA TAVANI ARQUATI;PIAZZA GIUDITTA TAVANI ARQUATI;;;Scontro frontale/laterale DX fra veicoli in marcia;Incrocio;Una carreggiata a senso unico di marcia;Asciutto;In cubetti di porfido;Verticale ed orizzontale;Nuvoloso;Normale;Sufficiente;Sufficiente;0;0;0;2;12.47299;41.89015;-1;1;Autovettura privata;In marcia / fermata / arresto;Conducente;M;Illeso;0;;Non accertato;Inesploso
2789790;1;24/04/2016 01:00;Strada Urbana;VIA GUSTAVO MODENA;all'intersezione con;PIAZZA GIUDITTA TAVANI ARQUATI;PIAZZA GIUDITTA TAVANI ARQUATI;;;Scontro frontale/laterale DX fra veicoli in marcia;Incrocio;Una carreggiata a senso unico di marcia;Asciutto;In cubetti di porfido;Verticale ed orizzontale;Nuvoloso;Normale;Sufficiente;Sufficiente;0;0;0;2;12.47299;41.89015;-1;2;Autovettura privata;In marcia / fermata / arresto;Conducente;M;Illeso;0;;Non accertato;Inesploso
2789796;16;23/04/2016 16:20;Strada Urbana;VIALE ISACCO NEWTON;da specificare;;;;in prossimità del fronte civico 76/78;Scontro laterale fra veicoli in marcia;Rettilineo;Due carreggiate;Asciutto;Asfaltata;Verticale ed orizzontale;Sereno;Normale;Buona;Ore Diurne;0;0;0;2;12.44235;41.84874;-1;1;Autovettura privata;In marcia / fermata / arresto;Conducente;M;Illeso;0;;Non accertato;Inesploso
2789796;16;23/04/2016 16:20;Strada Urbana;VIALE ISACCO NEWTON;da specificare;;;;in prossimità del fronte civico 76/78;Scontro laterale fra veicoli in marcia;Rettilineo;Due carreggiate;Asciutto;Asfaltata;Verticale ed orizzontale;Sereno;Normale;Buona;Ore Diurne;0;0;0;2;12.44235;41.84874;-1;2;Autovettura privata;In marcia / fermata / arresto;Conducente;M;Illeso;0;;Non accertato;Inesploso
2789812;16;25/04/2016 06:25;Strada Urbana;VIALE DI TRASTEVERE;all'intersezione con;VIA FEDERICO ROSAZZA;VIA FEDERICO ROSAZZA;;;Veicolo in marcia contro ostacolo fisso;Incrocio;Più di due carreggiate;Bagnato (pioggia);Asfaltata;Verticale ed orizzontale;Pioggia in atto;Scarso;Buona;Ore Diurne;0;0;0;1;12.46572;41.87773;-1;1;Autovettura privata;In marcia / fermata / arresto;Conducente;M;Illeso;0;;Non accertato;
2789824;1;24/04/2016 02:40;Strada Urbana;PIAZZA DELLA ROVERE;all'intersezione semaforizzata con;PONTE PRINCIPE AMEDEO SAVOIA AOSTA;PONTE PRINCIPE AMEDEO SAVOIA AOSTA;;;Veicolo in marcia contro ostacolo fisso;Incrocio;Una carreggiata a senso unico di marcia;Asciutto;Asfaltata;Verticale ed orizzontale;Nuvoloso;Scarso;Sufficiente;Sufficiente;0;0;0;1;12.46261;41.8993;-1;1;Autovettura privata;In marcia / fermata / arresto;Conducente;M;Illeso;0;;Non accertato;
2789833;1;24/04/2016 16:10;Strada Urbana;VIA DEL VIMINALE;in prossimità;;del civico n.;58;;Tamponamento;Rettilineo;Una carreggiata a senso unico di marcia;Asciutto;Asfaltata;Verticale ed orizzontale;Nuvoloso;Scarso;Buona;Ore Diurne;0;0;0;2;12.49563;41.90003;-1;1;Autovettura pubblica;In marcia / fermata / arresto;Conducente;F;Illeso;0;;Non accertato;
2789833;1;24/04/2016 16:10;Strada Urbana;VIA DEL VIMINALE;in prossimità;;del civico n.;58;;Tamponamento;Rettilineo;Una carreggiata a senso unico di marcia;Asciutto;Asfaltata;Verticale ed orizzontale;Nuvoloso;Scarso;Buona;Ore Diurne;0;0;0;2;12.49563;41.90003;-1;2;Autovettura pubblica;In marcia / fermata / arresto;Conducente;M;Illeso;0;;Non accertato;
2789837;16;25/04/2016 20:00;Strada Urbana;VICOLO DEL CASALE LUMBROSO;all'intersezione con;VIA FRANCESCO SEVERI;VIA FRANCESCO SEVERI;;;Scontro laterale fra veicoli in marcia;Intersezione stradale segnalata;Una carreggiata a doppio senso;Asciutto;Asfaltata;Verticale ed orizzontale;Sereno;Scarso;Buona;Sufficiente;0;0;0;4;12.36838;41.86845;-1;1;Autovettura privata;In marcia / fermata / arresto;Conducente;M;Illeso;0;;Non accertato;Inesploso
2789837;16;25/04/2016 20:00;Strada Urbana;VICOLO DEL CASALE LUMBROSO;all'intersezione con;VIA FRANCESCO SEVERI;VIA FRANCESCO SEVERI;;;Scontro laterale fra veicoli in marcia;Intersezione stradale segnalata;Una carreggiata a doppio senso;Asciutto;Asfaltata;Verticale ed orizzontale;Sereno;Scarso;Buona;Sufficiente;0;0;0;4;12.36838;41.86845;-1;1;Autovettura privata;In marcia / fermata / arresto;Passeggero;F;Illeso;0;;Non accertato;Inesploso
2789837;16;25/04/2016 20:00;Strada Urbana;VICOLO DEL CASALE LUMBROSO;all'intersezione con;VIA FRANCESCO SEVERI;VIA FRANCESCO SEVERI;;;Scontro laterale fra veicoli in marcia;Intersezione stradale segnalata;Una carreggiata a doppio senso;Asciutto;Asfaltata;Verticale ed orizzontale;Sereno;Scarso;Buona;Sufficiente;0;0;0;4;12.36838;41.86845;-1;1;Autovettura privata;In marcia / fermata / arresto;Passeggero;F;Illeso;0;;Non accertato;Inesploso
2789837;16;25/04/2016 20:00;Strada Urbana;VICOLO DEL CASALE LUMBROSO;all'intersezione con;VIA FRANCESCO SEVERI;VIA FRANCESCO SEVERI;;;Scontro laterale fra veicoli in marcia;Intersezione stradale segnalata;Una carreggiata a doppio senso;Asciutto;Asfaltata;Verticale ed orizzontale;Sereno;Scarso;Buona;Sufficiente;0;0;0;4;12.36838;41.86845;-1;2;Autovettura privata;In marcia / fermata / arresto;Conducente;F;Illeso;0;;Non accertato;Inesploso
2789851;1;24/04/2016 16:00;Strada Urbana;LUNGOTEVERE DE' CENCI;da specificare;;;;IN PROSS. VIA DEL TEMPIO;Tamponamento Multiplo;Rettilineo;Una carreggiata a senso unico di marcia;Asciutto;Asfaltata;Orizzontale;Sereno;Normale;Buona;Ore Diurne;0;0;0;5;12.47647;41.89194;-1;1;Autovettura privata;In marcia / fermata / arresto;Conducente;M;Illeso;0;;Non accertato;
2789851;1;24/04/2016 16:00;Strada Urbana;LUNGOTEVERE DE' CENCI;da specificare;;;;IN PROSS. VIA DEL TEMPIO;Tamponamento Multiplo;Rettilineo;Una carreggiata a senso unico di marcia;Asciutto;Asfaltata;Orizzontale;Sereno;Normale;Buona;Ore Diurne;0;0;0;5;12.47647;41.89194;-1;2;Autovettura privata;In marcia / fermata / arresto;Conducente;M;Illeso;0;;Non accertato;
2789851;1;24/04/2016 16:00;Strada Urbana;LUNGOTEVERE DE' CENCI;da specificare;;;;IN PROSS. VIA DEL TEMPIO;Tamponamento Multiplo;Rettilineo;Una carreggiata a senso unico di marcia;Asciutto;Asfaltata;Orizzontale;Sereno;Normale;Buona;Ore Diurne;0;0;0;5;12.47647;41.89194;-1;3;Autovettura privata;In marcia / fermata / arresto;Conducente;M;Illeso;0;;Non accertato;
2789851;1;24/04/2016 16:00;Strada Urbana;LUNGOTEVERE DE' CENCI;da specificare;;;;IN PROSS. VIA DEL TEMPIO;Tamponamento Multiplo;Rettilineo;Una carreggiata a senso unico di marcia;Asciutto;Asfaltata;Orizzontale;Sereno;Normale;Buona;Ore Diurne;0;0;0;5;12.47647;41.89194;-1;3;Autovettura privata;In marcia / fermata / arresto;Passeggero;F;Illeso;0;;Non accertato;
2789851;1;24/04/2016 16:00;Strada Urbana;LUNGOTEVERE DE' CENCI;da specificare;;;;IN PROSS. VIA DEL TEMPIO;Tamponamento Multiplo;Rettilineo;Una carreggiata a senso unico di marcia;Asciutto;Asfaltata;Orizzontale;Sereno;Normale;Buona;Ore Diurne;0;0;0;5;12.47647;41.89194;-1;3;Autovettura privata;In marcia / fermata / arresto;Passeggero;F;Illeso;0;;Non accertato;
2789879;8;25/04/2016 23:05;Statale entro l'abitato;VIA CASILINA;all'intersezione con;VIA DI TOR VERGATA;VIA DI TOR VERGATA;;;Veicolo in marcia contro ostacolo fisso;Intersezione semaforizzata;Una carreggiata a senso unico di marcia;Asciutto;Asfaltata;Verticale ed orizzontale;Sereno;Scarso;Insufficiente;Inesistente;1;0;0;0;12.60933;41.86405;-1;1;Autovettura privata;In marcia / fermata / arresto;Conducente;M;Rimandato;0;NON DECEDUTO;Non accertato;Inesistente
2789881;1;24/04/2016 12:40;Strada Urbana;VIA DI S. MARIA IN COSMEDIN;all'intersezione semaforizzata con;VIA DELLA GRECA;VIA DELLA GRECA;;;Scontro laterale fra veicoli in marcia;Intersezione semaforizzata;Una carreggiata a doppio senso;Asciutto;Asfaltata;Verticale ed orizzontale;Nuvoloso;Intenso;Buona;Ore Diurne;0;0;0;2;12.48063;41.88714;-1;1;Autovettura privata;In marcia / fermata / arresto;Conducente;F;Illeso;0;;Non accertato;
2789881;1;24/04/2016 12:40;Strada Urbana;VIA DI S. MARIA IN COSMEDIN;all'intersezione semaforizzata con;VIA DELLA GRECA;VIA DELLA GRECA;;;Scontro laterale fra veicoli in marcia;Intersezione semaforizzata;Una carreggiata a doppio senso;Asciutto;Asfaltata;Verticale ed orizzontale;Nuvoloso;Intenso;Buona;Ore Diurne;0;0;0;2;12.48063;41.88714;-1;2;Autovettura privata;In marcia / fermata / arresto;Conducente;F;Illeso;0;;Non accertato;
2789894;1;25/04/2016 17:50;Strada Urbana;CORSO VITTORIO EMANUELE II;all'intersezione con;VIA DELL'ARCO DE' GINNASI;VIA DELL'ARCO DE' GINNASI;;;Scontro laterale fra veicoli in marcia;Incrocio;Una carreggiata a doppio senso;Asciutto;Asfaltata;Verticale ed orizzontale;Sereno;Normale;Buona;Ore Diurne;0;0;0;4;12.47785;41.89594;-1;1;Autovettura di polizia;In marcia / fermata / arresto;Conducente;M;Illeso;0;;Non accertato;
2789894;1;25/04/2016 17:50;Strada Urbana;CORSO VITTORIO EMANUELE II;all'intersezione con;VIA DELL'ARCO DE' GINNASI;VIA DELL'ARCO DE' GINNASI;;;Scontro laterale fra veicoli in marcia;Incrocio;Una carreggiata a doppio senso;Asciutto;Asfaltata;Verticale ed orizzontale;Sereno;Normale;Buona;Ore Diurne;0;0;0;4;12.47785;41.89594;-1;1;Autovettura di polizia;In marcia / fermata / arresto;Passeggero;M;Illeso;0;;Non accertato;
2789894;1;25/04/2016 17:50;Strada Urbana;CORSO VITTORIO EMANUELE II;all'intersezione con;VIA DELL'ARCO DE' GINNASI;VIA DELL'ARCO DE' GINNASI;;;Scontro laterale fra veicoli in marcia;Incrocio;Una carreggiata a doppio senso;Asciutto;Asfaltata;Verticale ed orizzontale;Sereno;Normale;Buona;Ore Diurne;0;0;0;4;12.47785;41.89594;-1;2;Motociclo con passeggero;In marcia / fermata / arresto;Conducente;M;Illeso;0;;Non accertato;
2789894;1;25/04/2016 17:50;Strada Urbana;CORSO VITTORIO EMANUELE II;all'intersezione con;VIA DELL'ARCO DE' GINNASI;VIA DELL'ARCO DE' GINNASI;;;Scontro laterale fra veicoli in marcia;Incrocio;Una carreggiata a doppio senso;Asciutto;Asfaltata;Verticale ed orizzontale;Sereno;Normale;Buona;Ore Diurne;0;0;0;4;12.47785;41.89594;-1;2;Motociclo con passeggero;In marcia / fermata / arresto;Passeggero;F;Illeso;0;;;
2789930;9;26/04/2016 07:50;Strada Urbana;VIA APPIA NUOVA;da specificare;;;;fronte VIA DON ORIONE;Infortunio per caduta del veicolo;Rettilineo;Una carreggiata a senso unico di marcia;Asciutto;Asfaltata;Verticale ed orizzontale;Nuvoloso;Intenso;Buona;Ore Diurne;0;0;0;2;12.5516;41.83656;-1;1;Autovettura privata;In marcia / fermata / arresto;Conducente;M;Illeso;0;;Non accertato;
2789930;9;26/04/2016 07:50;Strada Urbana;VIA APPIA NUOVA;da specificare;;;;fronte VIA DON ORIONE;Infortunio per caduta del veicolo;Rettilineo;Una carreggiata a senso unico di marcia;Asciutto;Asfaltata;Verticale ed orizzontale;Nuvoloso;Intenso;Buona;Ore Diurne;0;0;0;2;12.5516;41.83656;-1;2;Motociclo a solo;In marcia / fermata / arresto;Conducente;M;Illeso;0;;Non accertato;
2789944;9;26/04/2016 09:30;Strada Urbana;VIA CESARE BARONIO;da specificare;;;;prox 50;Investimento di pedone;Rettilineo;Una carreggiata a senso unico di marcia;Asciutto;Asfaltata;Assente;Nuvoloso;Normale;Buona;Ore Diurne;1;0;0;1;12.51958;41.87228;-1;;;;Pedone;M;Rimandato;0;NON DECEDUTO;;
2789944;9;26/04/2016 09:30;Strada Urbana;VIA CESARE BARONIO;da specificare;;;;prox 50;Investimento di pedone;Rettilineo;Una carreggiata a senso unico di marcia;Asciutto;Asfaltata;Assente;Nuvoloso;Normale;Buona;Ore Diurne;1;0;0;1;12.51958;41.87228;-1;1;Autovettura privata;In marcia / fermata / arresto;Conducente;F;Illeso;0;;Utilizzato;Inesploso
2789967;16;21/04/2016 11:50;Strada Urbana;VIA AURELIA ANTICA;in corrispondenza;;del palo luce n.;91;;Scontro laterale fra veicoli in marcia;Curva senza visuale libera;Una carreggiata a doppio senso;Asciutto;Asfaltata;Orizzontale;Sereno;Normale;Buona;Ore Diurne;0;0;0;2;12.43494;41.89015;-1;1;Motociclo a solo;In marcia / fermata / arresto;Conducente;M;Illeso;0;;Non utilizzato;
2789967;16;21/04/2016 11:50;Strada Urbana;VIA AURELIA ANTICA;in corrispondenza;;del palo luce n.;91;;Scontro laterale fra veicoli in marcia;Curva senza visuale libera;Una carreggiata a doppio senso;Asciutto;Asfaltata;Orizzontale;Sereno;Normale;Buona;Ore Diurne;0;0;0;2;12.43494;41.89015;-1;2;Autovettura privata;In marcia / fermata / arresto;Conducente;M;Illeso;0;;Non accertato;Inesploso
2790111;2;27/04/2016 01:10;Strada Urbana;VIA GIOVANNI PAISIELLO;in prossimità;;del civico n.;53;;Veicolo in marcia contro ostacolo fisso;Rettilineo;Due carreggiate;Bagnato (pioggia);Asfaltata;Verticale ed orizzontale;Pioggia in atto;Scarso;Sufficiente;Sufficiente;0;0;0;1;12.49191;41.92059;-1;1;Autovettura privata;In marcia / fermata / arresto;Conducente;M;Illeso;0;;Non accertato;
2790184;11;26/04/2016 07:10;Strada Urbana;VIA CRISTOFORO COLOMBO;da specificare;;;;(laterale) altezza Giustiniano Imperatore;Tamponamento Multiplo;Rettilineo;Una carreggiata a senso unico di marcia;Asciutto;Asfaltata;Verticale ed orizzontale;Nuvoloso;Intenso;Buona;Ore Diurne;0;0;0;4;12.48954;41.85377;-1;1;Autovettura privata;In marcia / fermata / arresto;Conducente;M;Illeso;0;;Non accertato;Inesploso
2790184;11;26/04/2016 07:10;Strada Urbana;VIA CRISTOFORO COLOMBO;da specificare;;;;(laterale) altezza Giustiniano Imperatore;Tamponamento Multiplo;Rettilineo;Una carreggiata a senso unico di marcia;Asciutto;Asfaltata;Verticale ed orizzontale;Nuvoloso;Intenso;Buona;Ore Diurne;0;0;0;4;12.48954;41.85377;-1;2;Autocarro inferiore 35 q.;In marcia / fermata / arresto;Conducente;M;Illeso;0;;Non accertato;Inesploso
2790184;11;26/04/2016 07:10;Strada Urbana;VIA CRISTOFORO COLOMBO;da specificare;;;;(laterale) altezza Giustiniano Imperatore;Tamponamento Multiplo;Rettilineo;Una carreggiata a senso unico di marcia;Asciutto;Asfaltata;Verticale ed orizzontale;Nuvoloso;Intenso;Buona;Ore Diurne;0;0;0;4;12.48954;41.85377;-1;2;Autocarro inferiore 35 q.;In marcia / fermata / arresto;Passeggero;F;Illeso;0;;Non accertato;Inesploso
2790184;11;26/04/2016 07:10;Strada Urbana;VIA CRISTOFORO COLOMBO;da specificare;;;;(laterale) altezza Giustiniano Imperatore;Tamponamento Multiplo;Rettilineo;Una carreggiata a senso unico di marcia;Asciutto;Asfaltata;Verticale ed orizzontale;Nuvoloso;Intenso;Buona;Ore Diurne;0;0;0;4;12.48954;41.85377;-1;3;Autovettura privata;In marcia / fermata / arresto;Conducente;F;Illeso;0;;Non accertato;Inesploso
2790201;11;26/04/2016 07:15;Strada Urbana;VIA APPIA PIGNATELLI;in corrispondenza;;del civico n.;111;;Tamponamento;Rettilineo;Una carreggiata a doppio senso;Asciutto;Asfaltata;Orizzontale;Sereno;Intenso;Buona;Ore Diurne;1;0;0;1;12.52719;41.85203;-1;1;Autovettura privata;In marcia / fermata / arresto;Conducente;M;Illeso;0;;Non accertato;
2790201;11;26/04/2016 07:15;Strada Urbana;VIA APPIA PIGNATELLI;in corrispondenza;;del civico n.;111;;Tamponamento;Rettilineo;Una carreggiata a doppio senso;Asciutto;Asfaltata;Orizzontale;Sereno;Intenso;Buona;Ore Diurne;1;0;0;1;12.52719;41.85203;-1;2;Autovettura privata;In marcia / fermata / arresto;Conducente;M;Rifiuta cure immediate;0;NON DECEDUTO;Non accertato;
2790202;5;26/04/2016 08:55;Strada Urbana;VIA TIBURTINA;in prossimità;;del civico n.;1210;;Scontro laterale fra veicoli in marcia;Rettilineo;Una carreggiata a doppio senso;Asciutto;Asfaltata;Orizzontale;Nuvoloso;Intenso;Buona;Ore Diurne;0;0;0;2;12.60343;41.9337;-1;1;Autovettura privata;In marcia / fermata / arresto;Conducente;M;Illeso;0;;Non accertato;Inesploso
2790202;5;26/04/2016 08:55;Strada Urbana;VIA TIBURTINA;in prossimità;;del civico n.;1210;;Scontro laterale fra veicoli in marcia;Rettilineo;Una carreggiata a doppio senso;Asciutto;Asfaltata;Orizzontale;Nuvoloso;Intenso;Buona;Ore Diurne;0;0;0;2;12.60343;41.9337;-1;2;Autocarro inferiore 35 q.;In marcia / fermata / arresto;Conducente;M;Illeso;0;;Non accertato;Inesploso
2790204;5;26/04/2016 11:35;Strada Urbana;VIALE KANT;all'intersezione semaforizzata con;VIA GIOVANNI ZANARDINI;VIA GIOVANNI ZANARDINI;;;Scontro laterale fra veicoli in marcia;Incrocio;Due carreggiate;Asciutto;Asfaltata;Verticale ed orizzontale;Nuvoloso;Normale;Buona;Ore Diurne;0;0;0;4;12.55345;41.93655;-1;1;Autovettura privata;In marcia / fermata / arresto;Conducente;F;Illeso;0;;Non accertato;Inesploso
2790204;5;26/04/2016 11:35;Strada Urbana;VIALE KANT;all'intersezione semaforizzata con;VIA GIOVANNI ZANARDINI;VIA GIOVANNI ZANARDINI;;;Scontro laterale fra veicoli in marcia;Incrocio;Due carreggiate;Asciutto;Asfaltata;Verticale ed orizzontale;Nuvoloso;Normale;Buona;Ore Diurne;0;0;0;4;12.55345;41.93655;-1;1;Autovettura privata;In marcia / fermata / arresto;Passeggero;F;Illeso;0;;Non accertato;Inesploso
2790204;5;26/04/2016 11:35;Strada Urbana;VIALE KANT;all'intersezione semaforizzata con;VIA GIOVANNI ZANARDINI;VIA GIOVANNI ZANARDINI;;;Scontro laterale fra veicoli in marcia;Incrocio;Due carreggiate;Asciutto;Asfaltata;Verticale ed orizzontale;Nuvoloso;Normale;Buona;Ore Diurne;0;0;0;4;12.55345;41.93655;-1;1;Autovettura privata;In marcia / fermata / arresto;Passeggero;M;Illeso;0;;Non accertato;Inesploso
2790204;5;26/04/2016 11:35;Strada Urbana;VIALE KANT;all'intersezione semaforizzata con;VIA GIOVANNI ZANARDINI;VIA GIOVANNI ZANARDINI;;;Scontro laterale fra veicoli in marcia;Incrocio;Due carreggiate;Asciutto;Asfaltata;Verticale ed orizzontale;Nuvoloso;Normale;Buona;Ore Diurne;0;0;0;4;12.55345;41.93655;-1;2;Autovettura privata;In marcia / fermata / arresto;Conducente;F;Illeso;0;;Non accertato;Inesploso
2790205;5;26/04/2016 18:15;Strada Urbana;VIA TIBURTINA;all'intersezione semaforizzata con;VIA PIETRO OTTOBONI;VIA PIETRO OTTOBONI;;;Scontro frontale/laterale DX fra veicoli in marcia;Intersezione stradale segnalata;Due carreggiate;Bagnato (pioggia);Asfaltata;Verticale ed orizzontale;Pioggia in atto;Intenso;Buona;Ore Diurne;1;0;0;3;11.43812;41.36704;-1;1;Autovettura privata;In marcia / fermata / arresto;Conducente;M;Illeso;0;;Non accertato;