Protocollo;Gruppo;DataOraIncidente;Localizzazione1;STRADA1;Localizzazione2;STRADA2;Strada02;Chilometrica;DaSpecificare;NaturaIncidente;particolaritastrade;TipoStrada;FondoStradale;Pavimentazione;Segnaletica;CondizioneAtmosferica;Traffico;Visibilita;Illuminazione;NUM_FERITI;NUM_RISERVATA;NUM_MORTI;NUM_ILLESI;Longitudine;Latitudine;Confermato;Progressivo;TipoVeicolo;StatoVeicolo;TipoPersona;Sesso;Tipolesione;Deceduto;DecedutoDopo;CinturaCascoUtilizzato;Airbag
2792128;19;28/04/2016 08:20;Strada Urbana;VIA TRIONFALE;da specificare;;;;prossimità via Casale Sansoni;Tamponamento;Rettilineo;Una carreggiata a senso unico di marcia;Asciutto;Asfaltata;Verticale ed orizzontale;Nuvoloso;Normale;Buona;Ore Diurne;0;0;0;7;12.40923;41.96858;-1;2;Autovettura privata;In marcia / fermata / arresto;Passeggero;M;Illeso;0;;Non accertato;Inesploso
2792157;12;26/04/2016 18:40;Strada Urbana;VIA DEL PIANETA TERRA;in prossimità;;del civico n.;111;;Infortunio per sola frenata improvvisa;Rettilineo;Una carreggiata a senso unico di marcia;Bagnato (pioggia);Asfaltata;Verticale ed orizzontale;Nuvoloso;Scarso;Buona;Ore Diurne;1;0;0;2;12.44473;41.81702;-1;1;Autovettura privata;In marcia / fermata / arresto;Conducente;F;Illeso;0;;Utilizzato;Inesploso
2792157;12;26/04/2016 18:40;Strada Urbana;VIA DEL PIANETA TERRA;in prossimità;;del civico n.;111;;Infortunio per sola frenata improvvisa;Rettilineo;Una carreggiata a senso unico di marcia;Bagnato (pioggia);Asfaltata;Verticale ed orizzontale;Nuvoloso;Scarso;Buona;Ore Diurne;1;0;0;2;12.44473;41.81702;-1;1;Autovettura privata;In marcia / fermata / arresto;Passeggero;F;Illeso;0;;Utilizzato;Inesploso
2792157;12;26/04/2016 18:40;Strada Urbana;VIA DEL PIANETA TERRA;in prossimità;;del civico n.;111;;Infortunio per sola frenata improvvisa;Rettilineo;Una carreggiata a senso unico di marcia;Bagnato (pioggia);Asfaltata;Verticale ed orizzontale;Nuvoloso;Scarso;Buona;Ore Diurne;1;0;0;2;12.44473;41.81702;-1;2;Motociclo a solo;In marcia / fermata / arresto;Conducente;F;Rimandato;0;NON DECEDUTO;Utilizzato;
2792163;2;28/04/2016 09:55;Strada Urbana;VIA GIOVANNI PAISIELLO;all'intersezione con;LARGO BONIFACIO ASIOLI;LARGO BONIFACIO ASIOLI;;;Scontro laterale fra veicoli in marcia;Incrocio;Una carreggiata a senso unico di marcia;Asciutto;Asfaltata;Verticale ed orizzontale;Nuvoloso;Normale;Buona;Ore Diurne;1;0;0;1;12.49341;41.91805;-1;1;Autovettura privata;In marcia / fermata / arresto;Conducente;M;Illeso;0;;Non accertato;Inesploso
2792163;2;28/04/2016 09:55;Strada Urbana;VIA GIOVANNI PAISIELLO;all'intersezione con;LARGO BONIFACIO ASIOLI;LARGO BONIFACIO ASIOLI;;;Scontro laterale fra veicoli in marcia;Incrocio;Una carreggiata a senso unico di marcia;Asciutto;Asfaltata;Verticale ed orizzontale;Nuvoloso;Normale;Buona;Ore Diurne;1;0;0;1;12.49341;41.91805;-1;2;Motociclo a solo;In marcia / fermata / arresto;Conducente;F;Rifiuta cure immediate;0;NON DECEDUTO;Non accertato;
2792180;18;28/04/2016 10:00;Strada Urbana;VIA DI MONTESPACCATO;all'intersezione con;VIA GAETANO MAZZONI;VIA GAETANO MAZZONI;;;Scontro frontale/laterale SX fra veicoli in marcia;Intersezione stradale segnalata;Una carreggiata a senso unico di marcia;Asciutto;Asfaltata;Verticale ed orizzontale;Nuvoloso;Normale;Buona;Ore Diurne;2;0;0;0;12.3936;41.90728;-1;1;Autovettura privata;In marcia / fermata / arresto;Conducente;M;Rimandato;0;NON DECEDUTO;Non accertato;Inesploso
2792180;18;28/04/2016 10:00;Strada Urbana;VIA DI MONTESPACCATO;all'intersezione con;VIA GAETANO MAZZONI;VIA GAETANO MAZZONI;;;Scontro frontale/laterale SX fra veicoli in marcia;Intersezione stradale segnalata;Una carreggiata a senso unico di marcia;Asciutto;Asfaltata;Verticale ed orizzontale;Nuvoloso;Normale;Buona;Ore Diurne;2;0;0;0;12.3936;41.90728;-1;2;Autovettura privata;In marcia / fermata / arresto;Conducente;F;Rimandato;0;NON DECEDUTO;Non accertato;Inesploso
2792255;12;27/04/2016 05:00;Strada Urbana;VIA DI PRATICA;da specificare;;;;alt. svincolo Pontina dir. Roma;Fuoriuscita dalla sede stradale;Curva senza visuale libera;Una carreggiata a doppio senso;Asciutto;Asfaltata;Verticale ed orizzontale;Nuvoloso;Normale;Buona;Ore Diurne;1;0;0;0;12.43183;41.73054;-1;1;Autovettura privata;In marcia / fermata / arresto;Conducente;F;Rimandato;0;NON DECEDUTO;Utilizzato;Inesploso
2792258;12;27/04/2016 13:05;Strada Urbana;VIALE DELL'OCEANO PACIFICO;all'intersezione con;VIALE CITTA' D'EUROPA;VIALE CITTA' D'EUROPA;;;Scontro frontale fra veicoli in marcia;Incrocio;Una carreggiata a doppio senso;Asciutto;Asfaltata;Verticale ed orizzontale;Sereno;Normale;Buona;Ore Diurne;0;0;0;4;12.45591;41.82554;-1;1;Autovettura privata;In marcia / fermata / arresto;Conducente;M;Illeso;0;;Utilizzato;Inesploso
2792258;12;27/04/2016 13:05;Strada Urbana;VIALE DELL'OCEANO PACIFICO;all'intersezione con;VIALE CITTA' D'EUROPA;VIALE CITTA' D'EUROPA;;;Scontro frontale fra veicoli in marcia;Incrocio;Una carreggiata a doppio senso;Asciutto;Asfaltata;Verticale ed orizzontale;Sereno;Normale;Buona;Ore Diurne;0;0;0;4;12.45591;41.82554;-1;2;Autovettura privata;In marcia / fermata / arresto;Conducente;M;Illeso;0;;Non accertato;Inesploso
2792258;12;27/04/2016 13:05;Strada Urbana;VIALE DELL'OCEANO PACIFICO;all'intersezione con;VIALE CITTA' D'EUROPA;VIALE CITTA' D'EUROPA;;;Scontro frontale fra veicoli in marcia;Incrocio;Una carreggiata a doppio senso;Asciutto;Asfaltata;Verticale ed orizzontale;Sereno;Normale;Buona;Ore Diurne;0;0;0;4;12.45591;41.82554;-1;2;Autovettura privata;In marcia / fermata / arresto;Passeggero;F;Illeso;0;;Utilizzato;Inesploso
2792258;12;27/04/2016 13:05;Strada Urbana;VIALE DELL'OCEANO PACIFICO;all'intersezione con;VIALE CITTA' D'EUROPA;VIALE CITTA' D'EUROPA;;;Scontro frontale fra veicoli in marcia;Incrocio;Una carreggiata a doppio senso;Asciutto;Asfaltata;Verticale ed orizzontale;Sereno;Normale;Buona;Ore Diurne;0;0;0;4;12.45591;41.82554;-1;3;Autocarro inferiore 35 q.;In marcia / fermata / arresto;Conducente;M;Illeso;0;;Utilizzato;Inesploso
2792300;12;27/04/2016 08:10;Strada Urbana;VIA DEL COLLE DI MEZZO;in corrispondenza;;del civico n.;19;;Infortunio per sola frenata improvvisa;Rettilineo;Una carreggiata a doppio senso;Asciutto;Asfaltata;Verticale ed orizzontale;Nuvoloso;Normale;Buona;Ore Diurne;1;0;0;3;12.4917;41.82523;-1;1;Motociclo con passeggero;In marcia / fermata / arresto;Conducente;M;Rimandato;0;NON DECEDUTO;Utilizzato;
2792300;12;27/04/2016 08:10;Strada Urbana;VIA DEL COLLE DI MEZZO;in corrispondenza;;del civico n.;19;;Infortunio per sola frenata improvvisa;Rettilineo;Una carreggiata a doppio senso;Asciutto;Asfaltata;Verticale ed orizzontale;Nuvoloso;Normale;Buona;Ore Diurne;1;0;0;3;12.4917;41.82523;-1;1;Motociclo con passeggero;In marcia / fermata / arresto;Passeggero;F;Illeso;0;;Utilizzato;
2792300;12;27/04/2016 08:10;Strada Urbana;VIA DEL COLLE DI MEZZO;in corrispondenza;;del civico n.;19;;Infortunio per sola frenata improvvisa;Rettilineo;Una carreggiata a doppio senso;Asciutto;Asfaltata;Verticale ed orizzontale;Nuvoloso;Normale;Buona;Ore Diurne;1;0;0;3;12.4917;41.82523;-1;2;Autovettura privata;In marcia / fermata / arresto;Conducente;F;Illeso;0;;Non utilizzato;Inesploso
2792300;12;27/04/2016 08:10;Strada Urbana;VIA DEL COLLE DI MEZZO;in corrispondenza;;del civico n.;19;;Infortunio per sola frenata improvvisa;Rettilineo;Una carreggiata a doppio senso;Asciutto;Asfaltata;Verticale ed orizzontale;Nuvoloso;Normale;Buona;Ore Diurne;1;0;0;3;12.4917;41.82523;-1;2;Autovettura privata;In marcia / fermata / arresto;Passeggero;M;Illeso;0;;Non accertato;Inesploso
2792303;10;28/04/2016 13:10;Strada Urbana;VIA MASO FINIGUERRA;all'intersezione con;VIA MARIO ANGELONI;VIA MARIO ANGELONI;;;Scontro frontale/laterale SX fra veicoli in marcia;Incrocio;Una carreggiata a doppio senso;Asciutto;Asfaltata;Verticale ed orizzontale;Nuvoloso;Scarso;Buona;Ore Diurne;0;0;0;5;12.60875;41.84266;-1;1;Autovettura privata;In marcia / fermata / arresto;Passeggero;F;Illeso;0;;Non accertato;Inesploso
2792303;10;28/04/2016 13:10;Strada Urbana;VIA MASO FINIGUERRA;all'intersezione con;VIA MARIO ANGELONI;VIA MARIO ANGELONI;;;Scontro frontale/laterale SX fra veicoli in marcia;Incrocio;Una carreggiata a doppio senso;Asciutto;Asfaltata;Verticale ed orizzontale;Nuvoloso;Scarso;Buona;Ore Diurne;0;0;0;5;12.60875;41.84266;-1;1;Autovettura privata;In marcia / fermata / arresto;Conducente;M;Illeso;0;;Non accertato;Inesploso
2792303;10;28/04/2016 13:10;Strada Urbana;VIA MASO FINIGUERRA;all'intersezione con;VIA MARIO ANGELONI;VIA MARIO ANGELONI;;;Scontro frontale/laterale SX fra veicoli in marcia;Incrocio;Una carreggiata a doppio senso;Asciutto;Asfaltata;Verticale ed orizzontale;Nuvoloso;Scarso;Buona;Ore Diurne;0;0;0;5;12.60875;41.84266;-1;2;Autovettura privata;In marcia / fermata / arresto;Conducente;F;Illeso;0;;Non accertato;Inesploso
2792303;10;28/04/2016 13:10;Strada Urbana;VIA MASO FINIGUERRA;all'intersezione con;VIA MARIO ANGELONI;VIA MARIO ANGELONI;;;Scontro frontale/laterale SX fra veicoli in marcia;Incrocio;Una carreggiata a doppio senso;Asciutto;Asfaltata;Verticale ed orizzontale;Nuvoloso;Scarso;Buona;Ore Diurne;0;0;0;5;12.60875;41.84266;-1;2;Autovettura privata;In marcia / fermata / arresto;Passeggero;F;Illeso;0;;Non accertato;Inesploso
2792303;10;28/04/2016 13:10;Strada Urbana;VIA MASO FINIGUERRA;all'intersezione con;VIA MARIO ANGELONI;VIA MARIO ANGELONI;;;Scontro frontale/laterale SX fra veicoli in marcia;Incrocio;Una carreggiata a doppio senso;Asciutto;Asfaltata;Verticale ed orizzontale;Nuvoloso;Scarso;Buona;Ore Diurne;0;0;0;5;12.60875;41.84266;-1;2;Autovettura privata;In marcia / fermata / arresto;Passeggero;F;Illeso;0;;Non accertato;Inesploso
2792310;12;28/04/2016 07:45;Strada Urbana;VIALE DELL'OCEANO INDIANO;in corrispondenza;;del civico n.;114;;Veicolo in marcia contro veicolo in sosta;Rettilineo;Una carreggiata a doppio senso;Asciutto;Asfaltata;Orizzontale;Nuvoloso;Normale;Buona;Ore Diurne;1;0;0;0;12.44595;41.82292;-1;1;Ciclomotore;In marcia / fermata / arresto;Conducente;M;Rimandato;0;NON DECEDUTO;Utilizzato;
2792354;20;28/04/2016 14:00;Strada Urbana;VIA FLAMINIA;da specificare;;;;dir. Terni, sotto galleria del Cimitero;Veicolo in marcia contro ostacolo fisso;Rettilineo;Una carreggiata a senso unico di marcia;Bagnato (umidità in atto);Asfaltata;Orizzontale;Nuvoloso;Normale;Sufficiente;Insufficiente;0;0;0;2;12.49157;42.00548;-1;1;Autovettura privata;In marcia / fermata / arresto;Conducente;M;Illeso;0;;Non accertato;Esploso
2792354;20;28/04/2016 14:00;Strada Urbana;VIA FLAMINIA;da specificare;;;;dir. Terni, sotto galleria del Cimitero;Veicolo in marcia contro ostacolo fisso;Rettilineo;Una carreggiata a senso unico di marcia;Bagnato (umidità in atto);Asfaltata;Orizzontale;Nuvoloso;Normale;Sufficiente;Insufficiente;0;0;0;2;12.49157;42.00548;-1;1;Autovettura privata;In marcia / fermata / arresto;Passeggero;M;Illeso;0;;Non accertato;Esploso
2792358;12;27/04/2016 01:00;Strada Urbana;VIA FRANCESCO GRIMALDI;all'intersezione con;VIA DEI PRATI DEI PAPA;VIA DEI PRATI DEI PAPA;;;Infortunio per caduta del veicolo;Intersezione stradale segnalata;Due carreggiate;Bagnato (umidità in atto);Asfaltata;Verticale ed orizzontale;Nuvoloso;Scarso;Sufficiente;Sufficiente;1;0;0;1;12.46703;41.86487;-1;1;Motociclo a solo;In marcia / fermata / arresto;Conducente;M;Ricoverato;0;NON DECEDUTO;Utilizzato;
2792358;12;27/04/2016 01:00;Strada Urbana;VIA FRANCESCO GRIMALDI;all'intersezione con;VIA DEI PRATI DEI PAPA;VIA DEI PRATI DEI PAPA;;;Infortunio per caduta del veicolo;Intersezione stradale segnalata;Due carreggiate;Bagnato (umidità in atto);Asfaltata;Verticale ed orizzontale;Nuvoloso;Scarso;Sufficiente;Sufficiente;1;0;0;1;12.46703;41.86487;-1;2;Autovettura privata;In marcia / fermata / arresto;Conducente;M;Illeso;0;;Utilizzato;Inesploso
2792383;10;28/04/2016 13:40;Strada Urbana;VIALE GIULIO AGRICOLA;all'intersezione semaforizzata con;VIALE ANICIO GALLO;VIALE ANICIO GALLO;;;Scontro frontale/laterale DX fra veicoli in marcia;Incrocio;Due carreggiate;Bagnato (pioggia);Asfaltata;Verticale ed orizzontale;Pioggia in atto;Scarso;Buona;Ore Diurne;0;0;0;4;12.5607;41.85481;-1;1;Autovettura privata;In marcia / fermata / arresto;Conducente;M;Illeso;0;;Non accertato;Inesploso
2792383;10;28/04/2016 13:40;Strada Urbana;VIALE GIULIO AGRICOLA;all'intersezione semaforizzata con;VIALE ANICIO GALLO;VIALE ANICIO GALLO;;;Scontro frontale/laterale DX fra veicoli in marcia;Incrocio;Due carreggiate;Bagnato (pioggia);Asfaltata;Verticale ed orizzontale;Pioggia in atto;Scarso;Buona;Ore Diurne;0;0;0;4;12.5607;41.85481;-1;1;Autovettura privata;In marcia / fermata / arresto;Passeggero;F;Illeso;0;;Non accertato;Inesploso
2792383;10;28/04/2016 13:40;Strada Urbana;VIALE GIULIO AGRICOLA;all'intersezione semaforizzata con;VIALE ANICIO GALLO;VIALE ANICIO GALLO;;;Scontro frontale/laterale DX fra veicoli in marcia;Incrocio;Due carreggiate;Bagnato (pioggia);Asfaltata;Verticale ed orizzontale;Pioggia in atto;Scarso;Buona;Ore Diurne;0;0;0;4;12.5607;41.85481;-1;2;Autovettura privata;In marcia / fermata / arresto;Conducente;M;Illeso;0;;Non accertato;Inesploso
2792383;10;28/04/2016 13:40;Strada Urbana;VIALE GIULIO AGRICOLA;all'intersezione semaforizzata con;VIALE ANICIO GALLO;VIALE ANICIO GALLO;;;Scontro frontale/laterale DX fra veicoli in marcia;Incrocio;Due carreggiate;Bagnato (pioggia);Asfaltata;Verticale ed orizzontale;Pioggia in atto;Scarso;Buona;Ore Diurne;0;0;0;4;12.5607;41.85481;-1;2;Autovettura privata;In marcia / fermata / arresto;Passeggero;F;Illeso;0;;Non accertato;Inesploso
2792418;1;28/04/2016 13:50;Strada Urbana;VIA EMANUELE FILIBERTO;all'intersezione con;VIA DOMENICO FONTANA;VIA DOMENICO FONTANA;;;Veicolo in marcia contro ostacolo accidentale;Incrocio;Una carreggiata a doppio senso;Bagnato (pioggia);Asfaltata;Verticale ed orizzontale;Pioggia in atto;Normale;Buona;Ore Diurne;1;0;0;0;12.50798;41.88795;-1;1;Motociclo a solo;In marcia / fermata / arresto;Conducente;F;Rimandato;0;NON DECEDUTO;Non accertato;
2792471;20;28/04/2016 15:15;Strada Urbana;VIA VALCHETTA CARTONI;da specificare;;;;alt. sottopapasso del GRA;Scontro laterale fra veicoli in marcia;Curva senza visuale libera;Una carreggiata a doppio senso;Bagnato (umidità in atto);Asfaltata;Verticale ed orizzontale;Nuvoloso;Normale;Buona;Ore Diurne;1;0;0;1;12.49238;41.98468;-1;1;Autovettura privata;In marcia / fermata / arresto;Conducente;M;Rimandato;0;NON DECEDUTO;Non accertato;Inesploso
2792471;20;28/04/2016 15:15;Strada Urbana;VIA VALCHETTA CARTONI;da specificare;;;;alt. sottopapasso del GRA;Scontro laterale fra veicoli in marcia;Curva senza visuale libera;Una carreggiata a doppio senso;Bagnato (umidità in atto);Asfaltata;Verticale ed orizzontale;Nuvoloso;Normale;Buona;Ore Diurne;1;0;0;1;12.49238;41.98468;-1;2;Autovettura pubblica;In marcia / fermata / arresto;Conducente;M;Illeso;0;;Non accertato;Inesploso
2792475;18;28/04/2016 10:15;Strada Urbana;VIA DI CASAL DEL MARMO;da specificare;;;;ALTEZZA PALO ACEA 137;Tamponamento Multiplo;Rettilineo;Una carreggiata a doppio senso;Asciutto;Asfaltata;Verticale ed orizzontale;Nuvoloso;Normale;Buona;Ore Diurne;3;0;0;0;12.38894;41.9421;-1;1;Autovettura privata;In marcia / fermata / arresto;Conducente;F;Rimandato;0;NON DECEDUTO;Non accertato;Inesploso
2792475;18;28/04/2016 10:15;Strada Urbana;VIA DI CASAL DEL MARMO;da specificare;;;;ALTEZZA PALO ACEA 137;Tamponamento Multiplo;Rettilineo;Una carreggiata a doppio senso;Asciutto;Asfaltata;Verticale ed orizzontale;Nuvoloso;Normale;Buona;Ore Diurne;3;0;0;0;12.38894;41.9421;-1;2;Autovettura privata;In marcia / fermata / arresto;Conducente;F;Rimandato;0;NON DECEDUTO;Non accertato;Inesploso
2792475;18;28/04/2016 10:15;Strada Urbana;VIA DI CASAL DEL MARMO;da specificare;;;;ALTEZZA PALO ACEA 137;Tamponamento Multiplo;Rettilineo;Una carreggiata a doppio senso;Asciutto;Asfaltata;Verticale ed orizzontale;Nuvoloso;Normale;Buona;Ore Diurne;3;0;0;0;12.38894;41.9421;-1;3;Autovettura privata;In marcia / fermata / arresto;Conducente;F;Rifiuta cure immediate;0;NON DECEDUTO;Non accertato;Inesploso
2792542;9;28/04/2016 16:00;Strada Urbana;PIAZZA LODI;in prossimità;;del civico n.;1/D;;Scontro laterale fra veicoli in marcia;Rettilineo;Una carreggiata a doppio senso;Asciutto;Asfaltata;Verticale ed orizzontale;Nuvoloso;Normale;Buona;Ore Diurne;0;0;0;2;12.52117;41.88713;-1;1;Autovettura privata;In marcia / fermata / arresto;Conducente;M;Illeso;0;;Utilizzato;Inesploso
2792542;9;28/04/2016 16:00;Strada Urbana;PIAZZA LODI;in prossimità;;del civico n.;1/D;;Scontro laterale fra veicoli in marcia;Rettilineo;Una carreggiata a doppio senso;Asciutto;Asfaltata;Verticale ed orizzontale;Nuvoloso;Normale;Buona;Ore Diurne;0;0;0;2;12.52117;41.88713;-1;2;Autovettura privata;In marcia / fermata / arresto;Conducente;M;Illeso;0;;Utilizzato;Inesploso
2792582;1;28/04/2016 09:50;Strada Urbana;VIALE DELLE TERME DI CARACALLA;in corrispondenza;;del civico n.;70;;Scontro frontale/laterale SX fra veicoli in marcia;Rettilineo;Più di due carreggiate;Asciutto;Asfaltata;Orizzontale;Nuvoloso;Intenso;Buona;Ore Diurne;1;0;0;1;12.49633;41.87473;-1;1;Autovettura privata;In marcia / fermata / arresto;Conducente;M;Illeso;0;;Non accertato;Inesploso
2792582;1;28/04/2016 09:50;Strada Urbana;VIALE DELLE TERME DI CARACALLA;in corrispondenza;;del civico n.;70;;Scontro frontale/laterale SX fra veicoli in marcia;Rettilineo;Più di due carreggiate;Asciutto;Asfaltata;Orizzontale;Nuvoloso;Intenso;Buona;Ore Diurne;1;0;0;1;12.49633;41.87473;-1;2;Motociclo a solo;In marcia / fermata / arresto;Conducente;M;Rimandato;0;NON DECEDUTO;Non accertato;
2792655;1;28/04/2016 06:55;Strada Urbana;LUNGOTEVERE TOR DI NONA;all'intersezione semaforizzata con;PIAZZA DI PONTE UMBERTO I;PIAZZA DI PONTE UMBERTO I;;;Scontro laterale fra veicoli in marcia;Intersezione semaforizzata;Una carreggiata a senso unico di marcia;Asciutto;Asfaltata;Verticale ed orizzontale;Sereno;Normale;Buona;Ore Diurne;0;0;0;2;12.46916;41.90149;-1;1;Autovettura privata;In marcia / fermata / arresto;Conducente;F;Illeso;0;;Non accertato;Inesploso
2792655;1;28/04/2016 06:55;Strada Urbana;LUNGOTEVERE TOR DI NONA;all'intersezione semaforizzata con;PIAZZA DI PONTE UMBERTO I;PIAZZA DI PONTE UMBERTO I;;;Scontro laterale fra veicoli in marcia;Intersezione semaforizzata;Una carreggiata a senso unico di marcia;Asciutto;Asfaltata;Verticale ed orizzontale;Sereno;Normale;Buona;Ore Diurne;0;0;0;2;12.46916;41.90149;-1;2;Autocarro inferiore 35 q.;In marcia / fermata / arresto;Conducente;M;Illeso;0;;Non accertato;Inesploso
2792659;7;28/04/2016 14:10;Statale entro l'abitato;VIA CASILINA;all'intersezione semaforizzata con;VIA TOR DE' SCHIAVI;VIA TOR DE' SCHIAVI;;;Tamponamento Multiplo;Intersezione semaforizzata;Due carreggiate;Bagnato (umidità in atto);Asfaltata;Verticale ed orizzontale;Nuvoloso;Normale;Buona;Ore Diurne;2;0;0;6;12.56573;41.87453;-1;1;Autovettura di soccorso;In marcia / fermata / arresto;Conducente;M;Illeso;0;;Non accertato;Inesploso
2792659;7;28/04/2016 14:10;Statale entro l'abitato;VIA CASILINA;all'intersezione semaforizzata con;VIA TOR DE' SCHIAVI;VIA TOR DE' SCHIAVI;;;Tamponamento Multiplo;Intersezione semaforizzata;Due carreggiate;Bagnato (umidità in atto);Asfaltata;Verticale ed orizzontale;Nuvoloso;Normale;Buona;Ore Diurne;2;0;0;6;12.56573;41.87453;-1;1;Autovettura di soccorso;In marcia / fermata / arresto;Passeggero;M;Illeso;0;;Non accertato;Inesistente
2792659;7;28/04/2016 14:10;Statale entro l'abitato;VIA CASILINA;all'intersezione semaforizzata con;VIA TOR DE' SCHIAVI;VIA TOR DE' SCHIAVI;;;Tamponamento Multiplo;Intersezione semaforizzata;Due carreggiate;Bagnato (umidità in atto);Asfaltata;Verticale ed orizzontale;Nuvoloso;Normale;Buona;Ore Diurne;2;0;0;6;12.56573;41.87453;-1;2;Autovettura privata;In marcia / fermata / arresto;Conducente;M;Illeso;0;;Non accertato;Inesploso
2792659;7;28/04/2016 14:10;Statale entro l'abitato;VIA CASILINA;all'intersezione semaforizzata con;VIA TOR DE' SCHIAVI;VIA TOR DE' SCHIAVI;;;Tamponamento Multiplo;Intersezione semaforizzata;Due carreggiate;Bagnato (umidità in atto);Asfaltata;Verticale ed orizzontale;Nuvoloso;Normale;Buona;Ore Diurne;2;0;0;6;12.56573;41.87453;-1;3;Autovettura privata;In marcia / fermata / arresto;Conducente;M;Illeso;0;;Non accertato;Inesploso
2792659;7;28/04/2016 14:10;Statale entro l'abitato;VIA CASILINA;all'intersezione semaforizzata con;VIA TOR DE' SCHIAVI;VIA TOR DE' SCHIAVI;;;Tamponamento Multiplo;Intersezione semaforizzata;Due carreggiate;Bagnato (umidità in atto);Asfaltata;Verticale ed orizzontale;Nuvoloso;Normale;Buona;Ore Diurne;2;0;0;6;12.56573;41.87453;-1;4;Autovettura privata;In marcia / fermata / arresto;Conducente;M;Illeso;0;;Non accertato;Inesploso
2792659;7;28/04/2016 14:10;Statale entro l'abitato;VIA CASILINA;all'intersezione semaforizzata con;VIA TOR DE' SCHIAVI;VIA TOR DE' SCHIAVI;;;Tamponamento Multiplo;Intersezione semaforizzata;Due carreggiate;Bagnato (umidità in atto);Asfaltata;Verticale ed orizzontale;Nuvoloso;Normale;Buona;Ore Diurne;2;0;0;6;12.56573;41.87453;-1;4;Autovettura privata;In marcia / fermata / arresto;Passeggero;F;Rimandato;0;NON DECEDUTO;Non accertato;Inesploso
2792659;7;28/04/2016 14:10;Statale entro l'abitato;VIA CASILINA;all'intersezione semaforizzata con;VIA TOR DE' SCHIAVI;VIA TOR DE' SCHIAVI;;;Tamponamento Multiplo;Intersezione semaforizzata;Due carreggiate;Bagnato (umidità in atto);Asfaltata;Verticale ed orizzontale;Nuvoloso;Normale;Buona;Ore Diurne;2;0;0;6;12.56573;41.87453;-1;5;Autovettura privata;In marcia / fermata / arresto;Conducente;F;Rimandato;0;NON DECEDUTO;Non accertato;Inesploso
2792659;7;28/04/2016 14:10;Statale entro l'abitato;VIA CASILINA;all'intersezione semaforizzata con;VIA TOR DE' SCHIAVI;VIA TOR DE' SCHIAVI;;;Tamponamento Multiplo;Intersezione semaforizzata;Due carreggiate;Bagnato (umidità in atto);Asfaltata;Verticale ed orizzontale;Nuvoloso;Normale;Buona;Ore Diurne;2;0;0;6;12.56573;41.87453;-1;5;Autovettura privata;In marcia / fermata / arresto;Passeggero;F;Illeso;0;;Non accertato;Inesploso
2792682;23;28/04/2016 00:40;Comunale extraurbana;VIA CRISTOFORO COLOMBO;all'intersezione semaforizzata con;VIA PINDARO;VIA PINDARO;;;Tamponamento;Intersezione semaforizzata;Più di due carreggiate;Asciutto;Asfaltata;Verticale ed orizzontale;Nuvoloso;Scarso;Sufficiente;Sufficiente;1;0;0;3;12.3699;41.75461;-1;1;Autovettura privata;In marcia / fermata / arresto;Conducente;F;Illeso;0;;Utilizzato;Inesploso
2792682;23;28/04/2016 00:40;Comunale extraurbana;VIA CRISTOFORO COLOMBO;all'intersezione semaforizzata con;VIA PINDARO;VIA PINDARO;;;Tamponamento;Intersezione semaforizzata;Più di due carreggiate;Asciutto;Asfaltata;Verticale ed orizzontale;Nuvoloso;Scarso;Sufficiente;Sufficiente;1;0;0;3;12.3699;41.75461;-1;1;Autovettura privata;In marcia / fermata / arresto;Passeggero;F;Illeso;0;;Utilizzato;Inesploso
2792682;23;28/04/2016 00:40;Comunale extraurbana;VIA CRISTOFORO COLOMBO;all'intersezione semaforizzata con;VIA PINDARO;VIA PINDARO;;;Tamponamento;Intersezione semaforizzata;Più di due carreggiate;Asciutto;Asfaltata;Verticale ed orizzontale;Nuvoloso;Scarso;Sufficiente;Sufficiente;1;0;0;3;12.3699;41.75461;-1;1;Autovettura privata;In marcia / fermata / arresto;Passeggero;F;Rifiuta cure immediate;0;NON DECEDUTO;Utilizzato;Inesploso
2792682;23;28/04/2016 00:40;Comunale extraurbana;VIA CRISTOFORO COLOMBO;all'intersezione semaforizzata con;VIA PINDARO;VIA PINDARO;;;Tamponamento;Intersezione semaforizzata;Più di due carreggiate;Asciutto;Asfaltata;Verticale ed orizzontale;Nuvoloso;Scarso;Sufficiente;Sufficiente;1;0;0;3;12.3699;41.75461;-1;2;Autovettura privata;In marcia / fermata / arresto;Conducente;M;Illeso;0;;Non accertato;Inesploso
2792691;23;27/04/2016 13:15;Comunale extraurbana;VIA CRISTOFORO COLOMBO;all'intersezione semaforizzata con;VIA ERMANNO WOLF FERRARI;VIA ERMANNO WOLF FERRARI;;;Scontro laterale fra veicoli in marcia;Intersezione semaforizzata;Più di due carreggiate;Asciutto;Asfaltata;Verticale ed orizzontale;Nuvoloso;Normale;Buona;Ore Diurne;3;0;0;0;12.36988;41.7547;-1;1;Autovettura privata;In marcia / fermata / arresto;Conducente;F;Rimandato;0;NON DECEDUTO;Non accertato;Inesploso
2792691;23;27/04/2016 13:15;Comunale extraurbana;VIA CRISTOFORO COLOMBO;all'intersezione semaforizzata con;VIA ERMANNO WOLF FERRARI;VIA ERMANNO WOLF FERRARI;;;Scontro laterale fra veicoli in marcia;Intersezione semaforizzata;Più di due carreggiate;Asciutto;Asfaltata;Verticale ed orizzontale;Nuvoloso;Normale;Buona;Ore Diurne;3;0;0;0;12.36988;41.7547;-1;2;Autovettura privata;In marcia / fermata / arresto;Conducente;F;Rimandato;0;NON DECEDUTO;Non accertato;Inesploso