Protocollo;Gruppo;DataOraIncidente;Localizzazione1;STRADA1;Localizzazione2;STRADA2;Strada02;Chilometrica;DaSpecificare;NaturaIncidente;particolaritastrade;TipoStrada;FondoStradale;Pavimentazione;Segnaletica;CondizioneAtmosferica;Traffico;Visibilita;Illuminazione;NUM_FERITI;NUM_RISERVATA;NUM_MORTI;NUM_ILLESI;Longitudine;Latitudine;Confermato;Progressivo;TipoVeicolo;StatoVeicolo;TipoPersona;Sesso;Tipolesione;Deceduto;DecedutoDopo;CinturaCascoUtilizzato;Airbag
2793120;13;28/04/2016 18:00;Strada Urbana;VIA OTTAVIANO UBALDINI;in corrispondenza;;del civico n.;78;;Veicolo in marcia contro veicoli in sosta;Rettilineo;Una carreggiata a doppio senso;Bagnato (umidità in atto);Asfaltata;Orizzontale;Nuvoloso;Normale;Buona;Ore Diurne;0;0;0;3;12.34634;41.78204;-1;1;Autovettura privata;In marcia / fermata / arresto;Conducente;F;Illeso;0;;Non accertato;Inesploso
2793120;13;28/04/2016 18:00;Strada Urbana;VIA OTTAVIANO UBALDINI;in corrispondenza;;del civico n.;78;;Veicolo in marcia contro veicoli in sosta;Rettilineo;Una carreggiata a doppio senso;Bagnato (umidità in atto);Asfaltata;Orizzontale;Nuvoloso;Normale;Buona;Ore Diurne;0;0;0;3;12.34634;41.78204;-1;4;Autovettura privata;In marcia / fermata / arresto;Conducente;M;Illeso;0;;Non accertato;Esploso
2793120;13;28/04/2016 18:00;Strada Urbana;VIA OTTAVIANO UBALDINI;in corrispondenza;;del civico n.;78;;Veicolo in marcia contro veicoli in sosta;Rettilineo;Una carreggiata a doppio senso;Bagnato (umidità in atto);Asfaltata;Orizzontale;Nuvoloso;Normale;Buona;Ore Diurne;0;0;0;3;12.34634;41.78204;-1;4;Autovettura privata;In marcia / fermata / arresto;Passeggero;F;Illeso;0;;Non accertato;Esploso
2793123;13;28/04/2016 18:30;Strada Urbana;VIA DI DRAGONE;all'intersezione con;VIA PROSPERO INTORCETTA;VIA PROSPERO INTORCETTA;;;Scontro frontale/laterale SX fra veicoli in marcia;Incrocio;Una carreggiata a doppio senso;Asciutto;Asfaltata;Verticale ed orizzontale;Nuvoloso;Normale;Buona;Ore Diurne;1;0;0;1;12.33258;41.78343;-1;1;Autovettura privata;In marcia / fermata / arresto;Conducente;F;Rimandato;0;NON DECEDUTO;Non accertato;Inesploso
2793123;13;28/04/2016 18:30;Strada Urbana;VIA DI DRAGONE;all'intersezione con;VIA PROSPERO INTORCETTA;VIA PROSPERO INTORCETTA;;;Scontro frontale/laterale SX fra veicoli in marcia;Incrocio;Una carreggiata a doppio senso;Asciutto;Asfaltata;Verticale ed orizzontale;Nuvoloso;Normale;Buona;Ore Diurne;1;0;0;1;12.33258;41.78343;-1;2;Autovettura privata;In marcia / fermata / arresto;Conducente;M;Illeso;0;;Non accertato;Inesploso
2793127;5;28/04/2016 12:40;Strada Urbana;VIA DEL CASALE DI S. BASILIO;in prossimità;;del civico n.;200;;Tamponamento;Rettilineo;Una carreggiata a doppio senso;Asciutto;Asfaltata;Orizzontale;Nuvoloso;Normale;Buona;Ore Diurne;0;0;0;3;12.58106;41.93686;-1;1;Autocarro inferiore 35 q.;In marcia / fermata / arresto;Conducente;M;Illeso;0;;Non accertato;
2793127;5;28/04/2016 12:40;Strada Urbana;VIA DEL CASALE DI S. BASILIO;in prossimità;;del civico n.;200;;Tamponamento;Rettilineo;Una carreggiata a doppio senso;Asciutto;Asfaltata;Orizzontale;Nuvoloso;Normale;Buona;Ore Diurne;0;0;0;3;12.58106;41.93686;-1;2;Autovettura privata;In marcia / fermata / arresto;Conducente;M;Illeso;0;;Non accertato;
2793127;5;28/04/2016 12:40;Strada Urbana;VIA DEL CASALE DI S. BASILIO;in prossimità;;del civico n.;200;;Tamponamento;Rettilineo;Una carreggiata a doppio senso;Asciutto;Asfaltata;Orizzontale;Nuvoloso;Normale;Buona;Ore Diurne;0;0;0;3;12.58106;41.93686;-1;2;Autovettura privata;In marcia / fermata / arresto;Passeggero;F;Illeso;0;;Non accertato;
2793129;19;28/04/2016 11:35;Strada Urbana;VIA CONDOVE;in prossimità;;del civico n.;19;;Veicolo in marcia contro veicolo in sosta;Rettilineo;Una carreggiata a doppio senso;Asciutto;Asfaltata;Assente;Nuvoloso;Scarso;Buona;Ore Diurne;1;0;0;1;12.32213;41.94156;-1;;;;Pedone;M;Rimandato;0;NON DECEDUTO;;
2793129;19;28/04/2016 11:35;Strada Urbana;VIA CONDOVE;in prossimità;;del civico n.;19;;Veicolo in marcia contro veicolo in sosta;Rettilineo;Una carreggiata a doppio senso;Asciutto;Asfaltata;Assente;Nuvoloso;Scarso;Buona;Ore Diurne;1;0;0;1;12.32213;41.94156;-1;2;Autovettura privata;In marcia / fermata / arresto;Conducente;M;Illeso;0;;;
2793132;5;28/04/2016 14:30;Strada Urbana;VIA RINALDO D'AQUINO;da specificare;;;;PALO ACEA 28;Veicolo in marcia contro ostacolo accidentale;Curva senza visuale libera;Una carreggiata a doppio senso;Bagnato (pioggia);Asfaltata;Orizzontale;Pioggia in atto;Normale;Buona;Ore Diurne;1;0;0;0;12.61085;41.9646;-1;1;Autovettura privata;In marcia / fermata / arresto;Conducente;F;Rimandato;0;NON DECEDUTO;Non accertato;Inesploso
2793152;19;28/04/2016 12:45;Strada Urbana;VIALE DELLE MEDAGLIE D'ORO;in prossimità;;del civico n.;197;;Investimento di pedone;Rettilineo;Una carreggiata a doppio senso;Asciutto;Asfaltata;Orizzontale;Nuvoloso;Normale;Buona;Ore Diurne;1;0;0;1;12.44281;41.91717;-1;;;;Pedone;M;Rifiuta cure immediate;0;NON DECEDUTO;;
2793152;19;28/04/2016 12:45;Strada Urbana;VIALE DELLE MEDAGLIE D'ORO;in prossimità;;del civico n.;197;;Investimento di pedone;Rettilineo;Una carreggiata a doppio senso;Asciutto;Asfaltata;Orizzontale;Nuvoloso;Normale;Buona;Ore Diurne;1;0;0;1;12.44281;41.91717;-1;1;Autovettura privata;In marcia / fermata / arresto;Conducente;F;Illeso;0;;Non accertato;
2793160;20;28/04/2016 17:15;Strada Urbana;VIA FLAMINIA;in corrispondenza;;della chilometrica;10.2;;Tamponamento;Rettilineo;Una carreggiata a senso unico di marcia;Bagnato (umidità in atto);Asfaltata;Verticale ed orizzontale;Nuvoloso;Intenso;Buona;Ore Diurne;0;0;0;2;12.49312;41.97422;-1;1;Autovettura privata;In marcia / fermata / arresto;Conducente;M;Illeso;0;;;
2793160;20;28/04/2016 17:15;Strada Urbana;VIA FLAMINIA;in corrispondenza;;della chilometrica;10.2;;Tamponamento;Rettilineo;Una carreggiata a senso unico di marcia;Bagnato (umidità in atto);Asfaltata;Verticale ed orizzontale;Nuvoloso;Intenso;Buona;Ore Diurne;0;0;0;2;12.49312;41.97422;-1;2;Autovettura privata;In marcia / fermata / arresto;Conducente;F;Illeso;0;;;
2793165;7;28/04/2016 19:30;Strada Urbana;VIALE DELLA BELLA VILLA;all'intersezione con;VIA DEI FIORI;VIA DEI FIORI;;;Scontro frontale/laterale SX fra veicoli in marcia;Incrocio;Una carreggiata a doppio senso;Asciutto;Asfaltata;Verticale;Nuvoloso;Normale;Buona;Ore Diurne;0;0;0;3;12.57866;41.87312;-1;1;Autovettura privata;In marcia / fermata / arresto;Conducente;M;Illeso;0;;Non accertato;
2793165;7;28/04/2016 19:30;Strada Urbana;VIALE DELLA BELLA VILLA;all'intersezione con;VIA DEI FIORI;VIA DEI FIORI;;;Scontro frontale/laterale SX fra veicoli in marcia;Incrocio;Una carreggiata a doppio senso;Asciutto;Asfaltata;Verticale;Nuvoloso;Normale;Buona;Ore Diurne;0;0;0;3;12.57866;41.87312;-1;1;Autovettura privata;In marcia / fermata / arresto;Passeggero;M;Illeso;0;;Non accertato;
2793165;7;28/04/2016 19:30;Strada Urbana;VIALE DELLA BELLA VILLA;all'intersezione con;VIA DEI FIORI;VIA DEI FIORI;;;Scontro frontale/laterale SX fra veicoli in marcia;Incrocio;Una carreggiata a doppio senso;Asciutto;Asfaltata;Verticale;Nuvoloso;Normale;Buona;Ore Diurne;0;0;0;3;12.57866;41.87312;-1;2;Autocarro inferiore 35 q.;In marcia / fermata / arresto;Conducente;F;Illeso;0;;Non accertato;Inesploso
2793174;19;28/04/2016 13:15;Strada Urbana;VIA MORSASCO;in corrispondenza;;del civico n.;59;;Scontro frontale/laterale SX fra veicoli in marcia;Rettilineo;Una carreggiata a doppio senso;Bagnato (pioggia);Asfaltata;Assente;Pioggia in atto;Normale;Buona;Ore Diurne;1;0;0;1;12.3635;41.92912;-1;1;Autovettura privata;In marcia / fermata / arresto;Conducente;F;Illeso;0;;Non accertato;
2793174;19;28/04/2016 13:15;Strada Urbana;VIA MORSASCO;in corrispondenza;;del civico n.;59;;Scontro frontale/laterale SX fra veicoli in marcia;Rettilineo;Una carreggiata a doppio senso;Bagnato (pioggia);Asfaltata;Assente;Pioggia in atto;Normale;Buona;Ore Diurne;1;0;0;1;12.3635;41.92912;-1;2;Motociclo a solo;In marcia / fermata / arresto;Conducente;M;Rimandato;0;NON DECEDUTO;Non accertato;
2793203;19;28/04/2016 13:15;Strada Urbana;VIA DI SELVA NERA;all'intersezione con;VIA DI BOCCEA;VIA DI BOCCEA;;;Scontro frontale/laterale SX fra veicoli in marcia;Incrocio;Una carreggiata a doppio senso;Bagnato (pioggia);Asfaltata;Verticale ed orizzontale;Pioggia in atto;Scarso;Buona;Ore Diurne;0;0;0;4;12.3648;41.93538;-1;1;Autovettura privata;In marcia / fermata / arresto;Conducente;M;Illeso;0;;;
2793203;19;28/04/2016 13:15;Strada Urbana;VIA DI SELVA NERA;all'intersezione con;VIA DI BOCCEA;VIA DI BOCCEA;;;Scontro frontale/laterale SX fra veicoli in marcia;Incrocio;Una carreggiata a doppio senso;Bagnato (pioggia);Asfaltata;Verticale ed orizzontale;Pioggia in atto;Scarso;Buona;Ore Diurne;0;0;0;4;12.3648;41.93538;-1;1;Autovettura privata;In marcia / fermata / arresto;Passeggero;M;Illeso;0;;;
2793203;19;28/04/2016 13:15;Strada Urbana;VIA DI SELVA NERA;all'intersezione con;VIA DI BOCCEA;VIA DI BOCCEA;;;Scontro frontale/laterale SX fra veicoli in marcia;Incrocio;Una carreggiata a doppio senso;Bagnato (pioggia);Asfaltata;Verticale ed orizzontale;Pioggia in atto;Scarso;Buona;Ore Diurne;0;0;0;4;12.3648;41.93538;-1;1;Autovettura privata;In marcia / fermata / arresto;Passeggero;F;Illeso;0;;;
2793203;19;28/04/2016 13:15;Strada Urbana;VIA DI SELVA NERA;all'intersezione con;VIA DI BOCCEA;VIA DI BOCCEA;;;Scontro frontale/laterale SX fra veicoli in marcia;Incrocio;Una carreggiata a doppio senso;Bagnato (pioggia);Asfaltata;Verticale ed orizzontale;Pioggia in atto;Scarso;Buona;Ore Diurne;0;0;0;4;12.3648;41.93538;-1;2;Autovettura privata;In marcia / fermata / arresto;Conducente;M;Illeso;0;;;
2793213;17;28/04/2016 18:30;Strada Urbana;VIALE DELLE MILIZIE;in prossimità;;del civico n.;126;;Tamponamento;Rettilineo;Più di due carreggiate;Asciutto;Asfaltata;Verticale ed orizzontale;Nuvoloso;Normale;Buona;Ore Diurne;0;0;0;2;12.45663;41.91104;-1;1;Autovettura pubblica;In marcia / fermata / arresto;Conducente;M;Illeso;0;;;
2793213;17;28/04/2016 18:30;Strada Urbana;VIALE DELLE MILIZIE;in prossimità;;del civico n.;126;;Tamponamento;Rettilineo;Più di due carreggiate;Asciutto;Asfaltata;Verticale ed orizzontale;Nuvoloso;Normale;Buona;Ore Diurne;0;0;0;2;12.45663;41.91104;-1;2;Autovettura privata;In marcia / fermata / arresto;Conducente;M;Illeso;0;;;
2793214;16;27/04/2016 15:30;Strada Urbana;CIRCONVALLAZIONE GIANICOLENSE;in corrispondenza;;del civico n.;11;;Veicolo in marcia contro veicolo fermo;Rettilineo;Più di due carreggiate;Asciutto;Asfaltata;Orizzontale;Sereno;Normale;Buona;Ore Diurne;1;0;0;2;12.46515;41.87285;-1;1;Autovettura privata;In marcia / fermata / arresto;Conducente;F;Illeso;0;;;
2793214;16;27/04/2016 15:30;Strada Urbana;CIRCONVALLAZIONE GIANICOLENSE;in corrispondenza;;del civico n.;11;;Veicolo in marcia contro veicolo fermo;Rettilineo;Più di due carreggiate;Asciutto;Asfaltata;Orizzontale;Sereno;Normale;Buona;Ore Diurne;1;0;0;2;12.46515;41.87285;-1;1;Autovettura privata;In marcia / fermata / arresto;Passeggero;F;Illeso;0;;;
2793214;16;27/04/2016 15:30;Strada Urbana;CIRCONVALLAZIONE GIANICOLENSE;in corrispondenza;;del civico n.;11;;Veicolo in marcia contro veicolo fermo;Rettilineo;Più di due carreggiate;Asciutto;Asfaltata;Orizzontale;Sereno;Normale;Buona;Ore Diurne;1;0;0;2;12.46515;41.87285;-1;2;Motociclo a solo;In marcia / fermata / arresto;Conducente;M;Rimandato;0;NON DECEDUTO;;
2793221;4;28/04/2016 08:45;Provinciale entro l'abitato;VIA NOMENTANA;all'intersezione con;VIA ETTORE ROMAGNOLI;VIA ETTORE ROMAGNOLI;;;Scontro laterale fra veicoli in marcia;Incrocio;Una carreggiata a doppio senso;Asciutto;Asfaltata;Orizzontale;Sereno;Normale;Buona;Ore Diurne;1;0;0;1;12.55238;41.94111;-1;1;Autovettura privata;In marcia / fermata / arresto;Conducente;M;Illeso;0;;Non accertato;
2793221;4;28/04/2016 08:45;Provinciale entro l'abitato;VIA NOMENTANA;all'intersezione con;VIA ETTORE ROMAGNOLI;VIA ETTORE ROMAGNOLI;;;Scontro laterale fra veicoli in marcia;Incrocio;Una carreggiata a doppio senso;Asciutto;Asfaltata;Orizzontale;Sereno;Normale;Buona;Ore Diurne;1;0;0;1;12.55238;41.94111;-1;2;Motociclo a solo;In marcia / fermata / arresto;Conducente;F;Rifiuta cure immediate;0;NON DECEDUTO;Non accertato;
2793252;2;28/04/2016 10:00;Regionale entro l'abitato;VIALE LIEGI;all'intersezione con;VIA MONTEVIDEO;VIA MONTEVIDEO;;;Scontro frontale/laterale DX fra veicoli in marcia;Incrocio;Una carreggiata a doppio senso;Asciutto;Asfaltata;Verticale ed orizzontale;Nuvoloso;Normale;Buona;Ore Diurne;0;0;0;3;12.49594;41.92118;-1;1;Autovettura privata;In marcia / fermata / arresto;Conducente;M;Illeso;0;;Non accertato;Inesploso
2793252;2;28/04/2016 10:00;Regionale entro l'abitato;VIALE LIEGI;all'intersezione con;VIA MONTEVIDEO;VIA MONTEVIDEO;;;Scontro frontale/laterale DX fra veicoli in marcia;Incrocio;Una carreggiata a doppio senso;Asciutto;Asfaltata;Verticale ed orizzontale;Nuvoloso;Normale;Buona;Ore Diurne;0;0;0;3;12.49594;41.92118;-1;2;Motociclo con passeggero;In marcia / fermata / arresto;Conducente;M;Illeso;0;;Non accertato;
2793252;2;28/04/2016 10:00;Regionale entro l'abitato;VIALE LIEGI;all'intersezione con;VIA MONTEVIDEO;VIA MONTEVIDEO;;;Scontro frontale/laterale DX fra veicoli in marcia;Incrocio;Una carreggiata a doppio senso;Asciutto;Asfaltata;Verticale ed orizzontale;Nuvoloso;Normale;Buona;Ore Diurne;0;0;0;3;12.49594;41.92118;-1;2;Motociclo con passeggero;In marcia / fermata / arresto;Passeggero;F;Illeso;0;;Non accertato;
2793261;4;28/04/2016 09:00;Statale entro l'abitato;VIA SALARIA;in prossimità;;del civico n.;905;;Infortunio per sola frenata improvvisa;Rettilineo;Due carreggiate;Asciutto;Asfaltata;Verticale ed orizzontale;Nuvoloso;Normale;Buona;Ore Diurne;2;0;0;0;12.50598;41.96047;-1;1;Motociclo con passeggero;In marcia / fermata / arresto;Conducente;M;Rimandato;0;NON DECEDUTO;Non accertato;
2793261;4;28/04/2016 09:00;Statale entro l'abitato;VIA SALARIA;in prossimità;;del civico n.;905;;Infortunio per sola frenata improvvisa;Rettilineo;Due carreggiate;Asciutto;Asfaltata;Verticale ed orizzontale;Nuvoloso;Normale;Buona;Ore Diurne;2;0;0;0;12.50598;41.96047;-1;1;Motociclo con passeggero;In marcia / fermata / arresto;Passeggero;F;Ricoverato;0;NON DECEDUTO;Non accertato;
2793262;3;28/04/2016 15:50;Strada Urbana;VIA LUIGI PETROSELLI;all'intersezione semaforizzata con;VIA DEL FORO OLITORIO;VIA DEL FORO OLITORIO;;;Scontro laterale fra veicoli in marcia;Intersezione semaforizzata;Due carreggiate;Asciutto;Lastricata;Verticale ed orizzontale;Nuvoloso;Normale;Buona;Ore Diurne;0;0;0;3;12.4808;41.8904;-1;1;Autovettura privata;In marcia / fermata / arresto;Conducente;M;Illeso;0;;Non accertato;Inesploso
2793262;3;28/04/2016 15:50;Strada Urbana;VIA LUIGI PETROSELLI;all'intersezione semaforizzata con;VIA DEL FORO OLITORIO;VIA DEL FORO OLITORIO;;;Scontro laterale fra veicoli in marcia;Intersezione semaforizzata;Due carreggiate;Asciutto;Lastricata;Verticale ed orizzontale;Nuvoloso;Normale;Buona;Ore Diurne;0;0;0;3;12.4808;41.8904;-1;1;Autovettura privata;In marcia / fermata / arresto;Passeggero;M;Illeso;0;;Non accertato;Inesploso
2793262;3;28/04/2016 15:50;Strada Urbana;VIA LUIGI PETROSELLI;all'intersezione semaforizzata con;VIA DEL FORO OLITORIO;VIA DEL FORO OLITORIO;;;Scontro laterale fra veicoli in marcia;Intersezione semaforizzata;Due carreggiate;Asciutto;Lastricata;Verticale ed orizzontale;Nuvoloso;Normale;Buona;Ore Diurne;0;0;0;3;12.4808;41.8904;-1;2;Autovettura privata;In marcia / fermata / arresto;Conducente;M;Illeso;0;;Non accertato;Inesploso
2793264;4;28/04/2016 07:20;Strada Urbana;VIA RENATO FUCINI;in prossimità;;del civico n.;38;;Veicolo in marcia contro veicoli in sosta;Rettilineo;Due carreggiate;Asciutto;Asfaltata;Verticale ed orizzontale;Sereno;Normale;Buona;Ore Diurne;0;0;0;1;12.54561;41.95273;-1;1;Autovettura privata;In marcia / fermata / arresto;Conducente;F;Illeso;0;;;
2793293;12;28/04/2016 13:50;Provinciale;VIA DI PRATICA;in prossimità;;della chilometrica;1.6;;Veicolo in marcia contro ostacolo fisso;Rettilineo;Una carreggiata a doppio senso;Asciutto;Asfaltata;Verticale ed orizzontale;Nuvoloso;Normale;Buona;Ore Diurne;1;0;1;0;12.43705;41.69648;-1;1;Autovettura privata;In marcia / fermata / arresto;Conducente;M;Ricoverato;0;NON DECEDUTO;Non utilizzato;Esploso
2793293;12;28/04/2016 13:50;Provinciale;VIA DI PRATICA;in prossimità;;della chilometrica;1.6;;Veicolo in marcia contro ostacolo fisso;Rettilineo;Una carreggiata a doppio senso;Asciutto;Asfaltata;Verticale ed orizzontale;Nuvoloso;Normale;Buona;Ore Diurne;1;0;1;0;12.43705;41.69648;-1;1;Autovettura privata;In marcia / fermata / arresto;Passeggero;M;Deceduto durante prime cure;-1;;Non accertato;Esploso
2793299;7;29/04/2016;Strada Urbana;VIA COLLATINA;all'intersezione con;VIALE PALMIRO TOGLIATTI;VIALE PALMIRO TOGLIATTI;;;Scontro frontale/laterale SX fra veicoli in marcia;Incrocio;Una carreggiata a doppio senso;Asciutto;Asfaltata;Verticale ed orizzontale;Sereno;Scarso;Buona;Sufficiente;1;0;0;1;12.57471;41.90304;-1;1;Autovettura privata;In marcia / fermata / arresto;Conducente;F;Illeso;0;;Non accertato;Esploso
2793299;7;29/04/2016;Strada Urbana;VIA COLLATINA;all'intersezione con;VIALE PALMIRO TOGLIATTI;VIALE PALMIRO TOGLIATTI;;;Scontro frontale/laterale SX fra veicoli in marcia;Incrocio;Una carreggiata a doppio senso;Asciutto;Asfaltata;Verticale ed orizzontale;Sereno;Scarso;Buona;Sufficiente;1;0;0;1;12.57471;41.90304;-1;2;Autovettura privata;In marcia / fermata / arresto;Conducente;M;Rimandato;0;NON DECEDUTO;Non utilizzato;Esploso
2793324;8;29/04/2016 00:15;Strada Urbana;VIA CASILINA;all'intersezione con;VIA DEGLI ORAFI;VIA DEGLI ORAFI;;;Tamponamento;Rotatoria;Una carreggiata a doppio senso;Asciutto;Asfaltata;Verticale ed orizzontale;Sereno;Scarso;Buona;Sufficiente;0;0;0;2;12.60962;41.86399;-1;1;Autovettura privata;In marcia / fermata / arresto;Conducente;M;Illeso;0;;Non accertato;Inesploso
2793324;8;29/04/2016 00:15;Strada Urbana;VIA CASILINA;all'intersezione con;VIA DEGLI ORAFI;VIA DEGLI ORAFI;;;Tamponamento;Rotatoria;Una carreggiata a doppio senso;Asciutto;Asfaltata;Verticale ed orizzontale;Sereno;Scarso;Buona;Sufficiente;0;0;0;2;12.60962;41.86399;-1;2;Motociclo a solo;In marcia / fermata / arresto;Conducente;M;Illeso;0;;Non accertato;
2793325;16;28/04/2016 00:30;Strada Urbana;VIA FONTEIANA;in corrispondenza;;del civico n.;125;;Veicolo in marcia contro veicoli in sosta;Rettilineo;Una carreggiata a senso unico di marcia;Asciutto;Asfaltata;Orizzontale;Nuvoloso;Scarso;Sufficiente;Sufficiente;0;0;0;1;12.45385;41.87809;-1;1;Motociclo a solo;In marcia / fermata / arresto;Conducente;M;Illeso;0;;Non accertato;
2793330;8;29/04/2016 01:50;Strada Urbana;VIA APPIA NUOVA;all'intersezione semaforizzata con;VIA ANNIA REGILLA;VIA ANNIA REGILLA;;;Veicolo in marcia contro ostacolo fisso;Intersezione semaforizzata;Una carreggiata a senso unico di marcia;Asciutto;Asfaltata;Verticale ed orizzontale;Sereno;Scarso;Sufficiente;Sufficiente;0;0;0;2;12.55032;41.84879;-1;1;Autovettura privata;In marcia / fermata / arresto;Conducente;M;Illeso;0;;Non accertato;Inesploso
2793330;8;29/04/2016 01:50;Strada Urbana;VIA APPIA NUOVA;all'intersezione semaforizzata con;VIA ANNIA REGILLA;VIA ANNIA REGILLA;;;Veicolo in marcia contro ostacolo fisso;Intersezione semaforizzata;Una carreggiata a senso unico di marcia;Asciutto;Asfaltata;Verticale ed orizzontale;Sereno;Scarso;Sufficiente;Sufficiente;0;0;0;2;12.55032;41.84879;-1;1;Autovettura privata;In marcia / fermata / arresto;Passeggero;F;Illeso;0;;Non accertato;Inesploso
2793342;8;28/04/2016 15:40;Strada Urbana;VIA DI TORRENOVA;in prossimità;;del civico n.;162;;Scontro laterale fra veicoli in marcia;Rettilineo;Una carreggiata a doppio senso;Asciutto;Asfaltata;Verticale ed orizzontale;Nuvoloso;Normale;Buona;Ore Diurne;0;0;0;2;12.61948;41.87493;-1;1;Autovettura privata;In marcia / fermata / arresto;Conducente;F;Illeso;0;;Non accertato;Inesploso
2793342;8;28/04/2016 15:40;Strada Urbana;VIA DI TORRENOVA;in prossimità;;del civico n.;162;;Scontro laterale fra veicoli in marcia;Rettilineo;Una carreggiata a doppio senso;Asciutto;Asfaltata;Verticale ed orizzontale;Nuvoloso;Normale;Buona;Ore Diurne;0;0;0;2;12.61948;41.87493;-1;2;Autovettura privata;In marcia / fermata / arresto;Conducente;M;Illeso;0;;Non accertato;Inesploso
2793343;19;28/04/2016 14:15;Strada Urbana;VIA CESARE CASTIGLIONI;da specificare;;;;dentro area capolinea bus;Scontro laterale fra veicoli in marcia;Rettilineo;Una carreggiata a senso unico di marcia;Bagnato (umidità in atto);Asfaltata;Verticale ed orizzontale;Nuvoloso;Scarso;Buona;Ore Diurne;0;0;0;3;12.42104;41.93865;-1;1;Autovettura di polizia;In marcia / fermata / arresto;Conducente;M;Illeso;0;;Non accertato;Inesploso
2793343;19;28/04/2016 14:15;Strada Urbana;VIA CESARE CASTIGLIONI;da specificare;;;;dentro area capolinea bus;Scontro laterale fra veicoli in marcia;Rettilineo;Una carreggiata a senso unico di marcia;Bagnato (umidità in atto);Asfaltata;Verticale ed orizzontale;Nuvoloso;Scarso;Buona;Ore Diurne;0;0;0;3;12.42104;41.93865;-1;1;Autovettura di polizia;In marcia / fermata / arresto;Passeggero;M;Illeso;0;;Non accertato;Inesploso
2793343;19;28/04/2016 14:15;Strada Urbana;VIA CESARE CASTIGLIONI;da specificare;;;;dentro area capolinea bus;Scontro laterale fra veicoli in marcia;Rettilineo;Una carreggiata a senso unico di marcia;Bagnato (umidità in atto);Asfaltata;Verticale ed orizzontale;Nuvoloso;Scarso;Buona;Ore Diurne;0;0;0;3;12.42104;41.93865;-1;2;Autobus di linea;In marcia / fermata / arresto;Conducente;M;Illeso;0;;Non accertato;Inesploso
2793349;8;28/04/2016 18:45;Statale entro l'abitato;VIA ANAGNINA;all'intersezione semaforizzata con;VIA CROPANI;VIA CROPANI;;;Tamponamento Multiplo;Intersezione semaforizzata;Due carreggiate;Bagnato (pioggia);Asfaltata;Verticale ed orizzontale;Pioggia in atto;Normale;Buona;Ore Diurne;4;0;0;0;12.59833;41.82971;-1;1;Autovettura privata;In marcia / fermata / arresto;Conducente;F;Rifiuta cure immediate;0;NON DECEDUTO;Non accertato;
2793349;8;28/04/2016 18:45;Statale entro l'abitato;VIA ANAGNINA;all'intersezione semaforizzata con;VIA CROPANI;VIA CROPANI;;;Tamponamento Multiplo;Intersezione semaforizzata;Due carreggiate;Bagnato (pioggia);Asfaltata;Verticale ed orizzontale;Pioggia in atto;Normale;Buona;Ore Diurne;4;0;0;0;12.59833;41.82971;-1;1;Autovettura privata;In marcia / fermata / arresto;Passeggero;F;Rifiuta cure immediate;0;NON DECEDUTO;Non accertato;Inesploso
2793349;8;28/04/2016 18:45;Statale entro l'abitato;VIA ANAGNINA;all'intersezione semaforizzata con;VIA CROPANI;VIA CROPANI;;;Tamponamento Multiplo;Intersezione semaforizzata;Due carreggiate;Bagnato (pioggia);Asfaltata;Verticale ed orizzontale;Pioggia in atto;Normale;Buona;Ore Diurne;4;0;0;0;12.59833;41.82971;-1;2;Autovettura privata;In marcia / fermata / arresto;Conducente;F;Rifiuta cure immediate;0;NON DECEDUTO;;
2793349;8;28/04/2016 18:45;Statale entro l'abitato;VIA ANAGNINA;all'intersezione semaforizzata con;VIA CROPANI;VIA CROPANI;;;Tamponamento Multiplo;Intersezione semaforizzata;Due carreggiate;Bagnato (pioggia);Asfaltata;Verticale ed orizzontale;Pioggia in atto;Normale;Buona;Ore Diurne;4;0;0;0;12.59833;41.82971;-1;3;Autovettura privata;In marcia / fermata / arresto;Conducente;F;Rifiuta cure immediate;0;NON DECEDUTO;Non accertato;
2793355;8;28/04/2016 21:10;Strada Urbana;VIALE DUILIO CAMBELLOTTI;da specificare;;;;INVERSIONE MARCIA PROX PALO ACEA 63;Veicolo in marcia contro ostacolo accidentale;Cavalcavia;Una carreggiata a senso unico di marcia;Bagnato (pioggia);Asfaltata;Verticale ed orizzontale;Nuvoloso;Normale;Sufficiente;Sufficiente;0;0;0;1;12.62966;41.86737;-1;1;Autovettura privata;In marcia / fermata / arresto;Conducente;F;Illeso;0;;;
2793365;8;28/04/2016 18:10;Strada Urbana;VIA GIOVANNI BERNARDI;all'intersezione con;VIA GIUSEPPE MARIA MORETTI;VIA GIUSEPPE MARIA MORETTI;;;Scontro frontale/laterale SX fra veicoli in marcia;Incrocio;Una carreggiata a senso unico di marcia;Bagnato (pioggia);Asfaltata;Verticale;Nuvoloso;Normale;Buona;Ore Diurne;0;0;0;2;12.62888;41.86804;-1;1;Autovettura privata;In marcia / fermata / arresto;Conducente;F;Illeso;0;;Non accertato;Inesploso
2793365;8;28/04/2016 18:10;Strada Urbana;VIA GIOVANNI BERNARDI;all'intersezione con;VIA GIUSEPPE MARIA MORETTI;VIA GIUSEPPE MARIA MORETTI;;;Scontro frontale/laterale SX fra veicoli in marcia;Incrocio;Una carreggiata a senso unico di marcia;Bagnato (pioggia);Asfaltata;Verticale;Nuvoloso;Normale;Buona;Ore Diurne;0;0;0;2;12.62888;41.86804;-1;2;Autovettura privata;In marcia / fermata / arresto;Conducente;F;Illeso;0;;Non accertato;Inesploso