Protocollo;Gruppo;DataOraIncidente;Localizzazione1;STRADA1;Localizzazione2;STRADA2;Strada02;Chilometrica;DaSpecificare;NaturaIncidente;particolaritastrade;TipoStrada;FondoStradale;Pavimentazione;Segnaletica;CondizioneAtmosferica;Traffico;Visibilita;Illuminazione;NUM_FERITI;NUM_RISERVATA;NUM_MORTI;NUM_ILLESI;Longitudine;Latitudine;Confermato;Progressivo;TipoVeicolo;StatoVeicolo;TipoPersona;Sesso;Tipolesione;Deceduto;DecedutoDopo;CinturaCascoUtilizzato;Airbag
2793367;4;28/04/2016 14:00;Strada Urbana;VIA DARIO NICCODEMI;da specificare;;;;(area di parcheggio fronte civico 80);Scontro frontale/laterale SX fra veicoli in marcia;Rettilineo;Una carreggiata a doppio senso;Asciutto;Asfaltata;Orizzontale;Nuvoloso;Scarso;Buona;Ore Diurne;0;0;0;2;12.54867;41.95485;-1;1;Autovettura privata;In marcia / fermata / arresto;Conducente;M;Illeso;0;;;
2793367;4;28/04/2016 14:00;Strada Urbana;VIA DARIO NICCODEMI;da specificare;;;;(area di parcheggio fronte civico 80);Scontro frontale/laterale SX fra veicoli in marcia;Rettilineo;Una carreggiata a doppio senso;Asciutto;Asfaltata;Orizzontale;Nuvoloso;Scarso;Buona;Ore Diurne;0;0;0;2;12.54867;41.95485;-1;2;Autovettura privata;In marcia / fermata / arresto;Conducente;M;Illeso;0;;;
2793372;8;28/04/2016 08:30;Strada Urbana;VIALE FRANCESCO CALTAGIRONE;da specificare;;;;PROSS. LARGO CORRADINO D'ASCANIO;Scontro frontale/laterale SX fra veicoli in marcia;Rettilineo;Due carreggiate;Asciutto;Asfaltata;Verticale ed orizzontale;Nuvoloso;Normale;Buona;Ore Diurne;0;0;0;2;12.65492;41.90914;-1;1;Autovettura privata;In marcia / fermata / arresto;Conducente;M;Illeso;0;;Non accertato;Inesploso
2793372;8;28/04/2016 08:30;Strada Urbana;VIALE FRANCESCO CALTAGIRONE;da specificare;;;;PROSS. LARGO CORRADINO D'ASCANIO;Scontro frontale/laterale SX fra veicoli in marcia;Rettilineo;Due carreggiate;Asciutto;Asfaltata;Verticale ed orizzontale;Nuvoloso;Normale;Buona;Ore Diurne;0;0;0;2;12.65492;41.90914;-1;2;Autovettura privata;In marcia / fermata / arresto;Conducente;M;Illeso;0;;Non utilizzato;Inesploso
2793376;8;28/04/2016 14:15;Strada Urbana;VIA DI LUNGHEZZINA;in prossimità;;del civico n.;302/A;;Scontro frontale/laterale SX fra veicoli in marcia;Rettilineo;Una carreggiata a doppio senso;Bagnato (umidità in atto);Asfaltata;Verticale ed orizzontale;Nuvoloso;Scarso;Buona;Ore Diurne;3;0;0;4;12.72719;41.91117;-1;1;Autovettura privata;In marcia / fermata / arresto;Conducente;F;Ricoverato;0;NON DECEDUTO;Non accertato;Esploso
2793376;8;28/04/2016 14:15;Strada Urbana;VIA DI LUNGHEZZINA;in prossimità;;del civico n.;302/A;;Scontro frontale/laterale SX fra veicoli in marcia;Rettilineo;Una carreggiata a doppio senso;Bagnato (umidità in atto);Asfaltata;Verticale ed orizzontale;Nuvoloso;Scarso;Buona;Ore Diurne;3;0;0;4;12.72719;41.91117;-1;1;Autovettura privata;In marcia / fermata / arresto;Passeggero;M;Rimandato;0;NON DECEDUTO;Non accertato;
2793376;8;28/04/2016 14:15;Strada Urbana;VIA DI LUNGHEZZINA;in prossimità;;del civico n.;302/A;;Scontro frontale/laterale SX fra veicoli in marcia;Rettilineo;Una carreggiata a doppio senso;Bagnato (umidità in atto);Asfaltata;Verticale ed orizzontale;Nuvoloso;Scarso;Buona;Ore Diurne;3;0;0;4;12.72719;41.91117;-1;1;Autovettura privata;In marcia / fermata / arresto;Passeggero;M;Rimandato;0;NON DECEDUTO;Utilizzato;Inesploso
2793376;8;28/04/2016 14:15;Strada Urbana;VIA DI LUNGHEZZINA;in prossimità;;del civico n.;302/A;;Scontro frontale/laterale SX fra veicoli in marcia;Rettilineo;Una carreggiata a doppio senso;Bagnato (umidità in atto);Asfaltata;Verticale ed orizzontale;Nuvoloso;Scarso;Buona;Ore Diurne;3;0;0;4;12.72719;41.91117;-1;2;Autovettura privata;In marcia / fermata / arresto;Conducente;M;Illeso;0;;Non accertato;Esploso
2793376;8;28/04/2016 14:15;Strada Urbana;VIA DI LUNGHEZZINA;in prossimità;;del civico n.;302/A;;Scontro frontale/laterale SX fra veicoli in marcia;Rettilineo;Una carreggiata a doppio senso;Bagnato (umidità in atto);Asfaltata;Verticale ed orizzontale;Nuvoloso;Scarso;Buona;Ore Diurne;3;0;0;4;12.72719;41.91117;-1;2;Autovettura privata;In marcia / fermata / arresto;Passeggero;M;Illeso;0;;Non accertato;Esploso
2793376;8;28/04/2016 14:15;Strada Urbana;VIA DI LUNGHEZZINA;in prossimità;;del civico n.;302/A;;Scontro frontale/laterale SX fra veicoli in marcia;Rettilineo;Una carreggiata a doppio senso;Bagnato (umidità in atto);Asfaltata;Verticale ed orizzontale;Nuvoloso;Scarso;Buona;Ore Diurne;3;0;0;4;12.72719;41.91117;-1;3;Autovettura privata;In marcia / fermata / arresto;Conducente;M;Illeso;0;;Non accertato;Inesploso
2793376;8;28/04/2016 14:15;Strada Urbana;VIA DI LUNGHEZZINA;in prossimità;;del civico n.;302/A;;Scontro frontale/laterale SX fra veicoli in marcia;Rettilineo;Una carreggiata a doppio senso;Bagnato (umidità in atto);Asfaltata;Verticale ed orizzontale;Nuvoloso;Scarso;Buona;Ore Diurne;3;0;0;4;12.72719;41.91117;-1;3;Autovettura privata;In marcia / fermata / arresto;Passeggero;F;Illeso;0;;Non accertato;Inesploso
2793393;4;28/04/2016 16:30;Strada Urbana;VIA DELLA BUFALOTTA;da specificare;;;;50 metri prima del civico 592/D dir. Casal Boccone;Scontro laterale fra veicoli in marcia;Rettilineo;Una carreggiata a doppio senso;Asciutto;Asfaltata;Assente;Nuvoloso;Normale;Buona;Ore Diurne;0;0;0;2;12.54959;41.96624;-1;1;Autovettura privata;In marcia / fermata / arresto;Conducente;F;Illeso;0;;;
2793393;4;28/04/2016 16:30;Strada Urbana;VIA DELLA BUFALOTTA;da specificare;;;;50 metri prima del civico 592/D dir. Casal Boccone;Scontro laterale fra veicoli in marcia;Rettilineo;Una carreggiata a doppio senso;Asciutto;Asfaltata;Assente;Nuvoloso;Normale;Buona;Ore Diurne;0;0;0;2;12.54959;41.96624;-1;2;Autocarro superiore 35 q.;In marcia / fermata / arresto;Conducente;M;Illeso;0;;Non accertato;Inesploso
2793422;4;28/04/2016 20:41;Strada Urbana;VIALE JONIO;in prossimità;;del civico n.;301;;Tamponamento;Rettilineo;Due carreggiate;Asciutto;Asfaltata;Orizzontale;Nuvoloso;Intenso;Sufficiente;Sufficiente;1;0;0;1;12.53185;41.94559;-1;1;Autovettura privata;In marcia / fermata / arresto;Conducente;F;Illeso;0;;Non accertato;
2793422;4;28/04/2016 20:41;Strada Urbana;VIALE JONIO;in prossimità;;del civico n.;301;;Tamponamento;Rettilineo;Due carreggiate;Asciutto;Asfaltata;Orizzontale;Nuvoloso;Intenso;Sufficiente;Sufficiente;1;0;0;1;12.53185;41.94559;-1;2;Motociclo a solo;In marcia / fermata / arresto;Conducente;M;Rifiuta cure immediate;0;NON DECEDUTO;Non accertato;
2793434;4;29/04/2016 01:00;Strada Urbana;VIA DELLE CAVE DI PIETRALATA;in prossimità;;del civico n.;107;;Ribaltamento senza urto contro ostacolo fisso;Curva senza visuale libera;Una carreggiata a senso unico di marcia;Bagnato (umidità in atto);Asfaltata;Assente;Nuvoloso;Scarso;Buona;Sufficiente;0;0;0;1;12.54001;41.91443;-1;1;Autovettura privata;In marcia / fermata / arresto;Conducente;F;Illeso;0;;Non accertato;Esploso
2793550;10;29/04/2016 11:15;Strada Urbana;VIA TUSCOLANA;da specificare;;;;altezza Via Cerzeto;Scontro laterale fra veicoli in marcia;Rettilineo;Una carreggiata a senso unico di marcia;Asciutto;Asfaltata;Verticale ed orizzontale;Sereno;Normale;Buona;Ore Diurne;0;0;0;2;12.60187;41.83603;-1;1;Autovettura privata;In marcia / fermata / arresto;Conducente;M;Illeso;0;;Non accertato;Inesploso
2793550;10;29/04/2016 11:15;Strada Urbana;VIA TUSCOLANA;da specificare;;;;altezza Via Cerzeto;Scontro laterale fra veicoli in marcia;Rettilineo;Una carreggiata a senso unico di marcia;Asciutto;Asfaltata;Verticale ed orizzontale;Sereno;Normale;Buona;Ore Diurne;0;0;0;2;12.60187;41.83603;-1;2;Autovettura privata;In marcia / fermata / arresto;Conducente;M;Illeso;0;;Non accertato;Inesploso
2793564;2;29/04/2016 10:00;Strada Urbana;VIALE DELLA MOSCHEA;in prossimità;;del civico n.;130;;Scontro frontale/laterale SX fra veicoli in marcia;Rettilineo;Una carreggiata a doppio senso;Asciutto;Asfaltata;Verticale ed orizzontale;Sereno;Normale;Buona;Ore Diurne;1;0;0;1;12.49213;41.93276;-1;1;Autovettura privata;In marcia / fermata / arresto;Conducente;F;Illeso;0;;Non accertato;Inesploso
2793564;2;29/04/2016 10:00;Strada Urbana;VIALE DELLA MOSCHEA;in prossimità;;del civico n.;130;;Scontro frontale/laterale SX fra veicoli in marcia;Rettilineo;Una carreggiata a doppio senso;Asciutto;Asfaltata;Verticale ed orizzontale;Sereno;Normale;Buona;Ore Diurne;1;0;0;1;12.49213;41.93276;-1;2;Motociclo a solo;In marcia / fermata / arresto;Conducente;M;Rimandato;0;NON DECEDUTO;Non accertato;
2793585;16;27/04/2016 08:05;Strada Urbana;VIA DELLA PISANA;da specificare;;;;interno distributore IP al civico 353;Scontro frontale fra veicoli in marcia;Rettilineo;Una carreggiata a doppio senso;Bagnato (umidità in atto);Asfaltata;Assente;Nuvoloso;Normale;Buona;Ore Diurne;0;0;0;3;12.39764;41.85757;-1;1;Autovettura privata;In marcia / fermata / arresto;Conducente;M;Illeso;0;;Non accertato;Inesploso
2793585;16;27/04/2016 08:05;Strada Urbana;VIA DELLA PISANA;da specificare;;;;interno distributore IP al civico 353;Scontro frontale fra veicoli in marcia;Rettilineo;Una carreggiata a doppio senso;Bagnato (umidità in atto);Asfaltata;Assente;Nuvoloso;Normale;Buona;Ore Diurne;0;0;0;3;12.39764;41.85757;-1;1;Autovettura privata;In marcia / fermata / arresto;Passeggero;F;Illeso;0;;Non accertato;Inesploso
2793585;16;27/04/2016 08:05;Strada Urbana;VIA DELLA PISANA;da specificare;;;;interno distributore IP al civico 353;Scontro frontale fra veicoli in marcia;Rettilineo;Una carreggiata a doppio senso;Bagnato (umidità in atto);Asfaltata;Assente;Nuvoloso;Normale;Buona;Ore Diurne;0;0;0;3;12.39764;41.85757;-1;2;Autovettura privata;In marcia / fermata / arresto;Conducente;M;Illeso;0;;Non accertato;Inesploso
2793654;16;28/04/2016 07:50;Strada Urbana;VIALE DI TRASTEVERE;all'intersezione semaforizzata con;LARGO BERNARDINO DA FELTRE;LARGO BERNARDINO DA FELTRE;;;Scontro frontale/laterale DX fra veicoli in marcia;Intersezione semaforizzata;Più di due carreggiate;Asciutto;Asfaltata;Verticale ed orizzontale;Sereno;Intenso;Buona;Ore Diurne;1;0;0;3;12.46947;41.88351;-1;1;Autovettura privata;In marcia / fermata / arresto;Conducente;M;Illeso;0;;;
2793654;16;28/04/2016 07:50;Strada Urbana;VIALE DI TRASTEVERE;all'intersezione semaforizzata con;LARGO BERNARDINO DA FELTRE;LARGO BERNARDINO DA FELTRE;;;Scontro frontale/laterale DX fra veicoli in marcia;Intersezione semaforizzata;Più di due carreggiate;Asciutto;Asfaltata;Verticale ed orizzontale;Sereno;Intenso;Buona;Ore Diurne;1;0;0;3;12.46947;41.88351;-1;1;Autovettura privata;In marcia / fermata / arresto;Passeggero;F;Illeso;0;;Non accertato;Inesploso
2793654;16;28/04/2016 07:50;Strada Urbana;VIALE DI TRASTEVERE;all'intersezione semaforizzata con;LARGO BERNARDINO DA FELTRE;LARGO BERNARDINO DA FELTRE;;;Scontro frontale/laterale DX fra veicoli in marcia;Intersezione semaforizzata;Più di due carreggiate;Asciutto;Asfaltata;Verticale ed orizzontale;Sereno;Intenso;Buona;Ore Diurne;1;0;0;3;12.46947;41.88351;-1;2;Motociclo con passeggero;In marcia / fermata / arresto;Conducente;M;Rimandato;0;NON DECEDUTO;Non accertato;
2793654;16;28/04/2016 07:50;Strada Urbana;VIALE DI TRASTEVERE;all'intersezione semaforizzata con;LARGO BERNARDINO DA FELTRE;LARGO BERNARDINO DA FELTRE;;;Scontro frontale/laterale DX fra veicoli in marcia;Intersezione semaforizzata;Più di due carreggiate;Asciutto;Asfaltata;Verticale ed orizzontale;Sereno;Intenso;Buona;Ore Diurne;1;0;0;3;12.46947;41.88351;-1;2;Motociclo con passeggero;In marcia / fermata / arresto;Passeggero;M;Illeso;0;;Non accertato;
2793662;16;28/04/2016 12:50;Strada Urbana;VIALE DEI COLLI PORTUENSI;in corrispondenza;;del civico n.;120;;Tamponamento;Rettilineo;Due carreggiate;Bagnato (pioggia);Asfaltata;Orizzontale;Pioggia in atto;Normale;Buona;Ore Diurne;1;0;0;2;12.44303;41.87131;-1;1;Velocipede;In marcia / fermata / arresto;Conducente;M;Rifiuta cure immediate;0;NON DECEDUTO;Esente;
2793662;16;28/04/2016 12:50;Strada Urbana;VIALE DEI COLLI PORTUENSI;in corrispondenza;;del civico n.;120;;Tamponamento;Rettilineo;Due carreggiate;Bagnato (pioggia);Asfaltata;Orizzontale;Pioggia in atto;Normale;Buona;Ore Diurne;1;0;0;2;12.44303;41.87131;-1;2;Autovettura privata;In marcia / fermata / arresto;Conducente;F;Illeso;0;;Non accertato;Inesploso
2793662;16;28/04/2016 12:50;Strada Urbana;VIALE DEI COLLI PORTUENSI;in corrispondenza;;del civico n.;120;;Tamponamento;Rettilineo;Due carreggiate;Bagnato (pioggia);Asfaltata;Orizzontale;Pioggia in atto;Normale;Buona;Ore Diurne;1;0;0;2;12.44303;41.87131;-1;2;Autovettura privata;In marcia / fermata / arresto;Passeggero;F;Illeso;0;;Non accertato;Inesploso
2793668;16;28/04/2016 14:00;Strada Urbana;CIRCONVALLAZIONE GIANICOLENSE;in corrispondenza;;del civico n.;185/a;;Tamponamento Multiplo;Rettilineo;Due carreggiate;Asciutto;Asfaltata;Orizzontale;Nuvoloso;Normale;Buona;Ore Diurne;0;0;0;3;12.44555;41.87531;-1;1;Macchina operatrice;In marcia / fermata / arresto;Conducente;M;Illeso;0;;Non accertato;Inesploso
2793668;16;28/04/2016 14:00;Strada Urbana;CIRCONVALLAZIONE GIANICOLENSE;in corrispondenza;;del civico n.;185/a;;Tamponamento Multiplo;Rettilineo;Due carreggiate;Asciutto;Asfaltata;Orizzontale;Nuvoloso;Normale;Buona;Ore Diurne;0;0;0;3;12.44555;41.87531;-1;2;Autovettura privata;In marcia / fermata / arresto;Conducente;M;Illeso;0;;Non accertato;Inesploso
2793668;16;28/04/2016 14:00;Strada Urbana;CIRCONVALLAZIONE GIANICOLENSE;in corrispondenza;;del civico n.;185/a;;Tamponamento Multiplo;Rettilineo;Due carreggiate;Asciutto;Asfaltata;Orizzontale;Nuvoloso;Normale;Buona;Ore Diurne;0;0;0;3;12.44555;41.87531;-1;3;Autovettura privata;In marcia / fermata / arresto;Conducente;F;Illeso;0;;Non accertato;Inesploso
2793763;6;29/04/2016 12:10;Strada Urbana;VIA CASILINA;in corrispondenza;;del civico n.;518;;Veicolo in marcia contro ostacolo fisso;Rettilineo;Più di due carreggiate;Asciutto;Asfaltata;Orizzontale;Sereno;Normale;Buona;Ore Diurne;0;0;0;2;12.54659;41.87836;-1;1;Autovettura privata;In marcia / fermata / arresto;Conducente;F;Illeso;0;;Non accertato;
2793763;6;29/04/2016 12:10;Strada Urbana;VIA CASILINA;in corrispondenza;;del civico n.;518;;Veicolo in marcia contro ostacolo fisso;Rettilineo;Più di due carreggiate;Asciutto;Asfaltata;Orizzontale;Sereno;Normale;Buona;Ore Diurne;0;0;0;2;12.54659;41.87836;-1;2;Autovettura privata;In marcia / fermata / arresto;Conducente;F;Illeso;0;;Non accertato;
2793786;1;28/04/2016 16:50;Strada Urbana;PIAZZA VITTORIO EMANUELE II;all'intersezione semaforizzata con;VIA LAMARMORA;VIA LAMARMORA;;;Investimento di pedone;Intersezione semaforizzata;Una carreggiata a doppio senso;Asciutto;Asfaltata;Verticale ed orizzontale;Nuvoloso;Normale;Buona;Ore Diurne;1;0;0;1;12.50482;41.89511;-1;;;;Pedone;F;Rifiuta cure immediate;0;NON DECEDUTO;;
2793786;1;28/04/2016 16:50;Strada Urbana;PIAZZA VITTORIO EMANUELE II;all'intersezione semaforizzata con;VIA LAMARMORA;VIA LAMARMORA;;;Investimento di pedone;Intersezione semaforizzata;Una carreggiata a doppio senso;Asciutto;Asfaltata;Verticale ed orizzontale;Nuvoloso;Normale;Buona;Ore Diurne;1;0;0;1;12.50482;41.89511;-1;1;Autovettura privata;In marcia / fermata / arresto;Conducente;M;Illeso;0;;Utilizzato;Inesploso
2793787;20;29/04/2016 13:20;Regionale entro l'abitato;VIA CASSIA;in corrispondenza;;del civico n.;1777;;Scontro laterale fra veicoli in marcia;Rettilineo;Una carreggiata a doppio senso;Asciutto;Asfaltata;Verticale ed orizzontale;Sereno;Normale;Buona;Ore Diurne;0;0;0;1;12.37856;42.00968;-1;1;Motociclo a solo;In marcia / fermata / arresto;Conducente;M;Illeso;0;;Non accertato;
2793815;15;29/04/2016 13:20;Strada Urbana;LUNGOTEVERE DEGLI INVENTORI;in prossimità;;del civico n.;116/D;;Scontro laterale fra veicoli in marcia;Curva a visuale libera;Una carreggiata a doppio senso;Asciutto;Asfaltata;Orizzontale;Sereno;Normale;Buona;Ore Diurne;0;0;0;4;12.46494;41.86105;-1;1;Autocarro inferiore 35 q.;In marcia / fermata / arresto;Conducente;M;Illeso;0;;Utilizzato;Inesploso
2793815;15;29/04/2016 13:20;Strada Urbana;LUNGOTEVERE DEGLI INVENTORI;in prossimità;;del civico n.;116/D;;Scontro laterale fra veicoli in marcia;Curva a visuale libera;Una carreggiata a doppio senso;Asciutto;Asfaltata;Orizzontale;Sereno;Normale;Buona;Ore Diurne;0;0;0;4;12.46494;41.86105;-1;2;Autovettura privata;In marcia / fermata / arresto;Conducente;M;Illeso;0;;Utilizzato;Inesploso
2793815;15;29/04/2016 13:20;Strada Urbana;LUNGOTEVERE DEGLI INVENTORI;in prossimità;;del civico n.;116/D;;Scontro laterale fra veicoli in marcia;Curva a visuale libera;Una carreggiata a doppio senso;Asciutto;Asfaltata;Orizzontale;Sereno;Normale;Buona;Ore Diurne;0;0;0;4;12.46494;41.86105;-1;2;Autovettura privata;In marcia / fermata / arresto;Passeggero;F;Illeso;0;;Utilizzato;Inesistente
2793815;15;29/04/2016 13:20;Strada Urbana;LUNGOTEVERE DEGLI INVENTORI;in prossimità;;del civico n.;116/D;;Scontro laterale fra veicoli in marcia;Curva a visuale libera;Una carreggiata a doppio senso;Asciutto;Asfaltata;Orizzontale;Sereno;Normale;Buona;Ore Diurne;0;0;0;4;12.46494;41.86105;-1;2;Autovettura privata;In marcia / fermata / arresto;Passeggero;F;Illeso;0;;Utilizzato;Inesploso
2793821;1;29/04/2016 08:05;Strada Urbana;VIALE DI TRASTEVERE;all'intersezione semaforizzata con;VIA EMILIO MOROSINI;VIA EMILIO MOROSINI;;;Scontro frontale/laterale DX fra veicoli in marcia;Intersezione semaforizzata;Una carreggiata a doppio senso;Asciutto;Asfaltata;Verticale ed orizzontale;Sereno;Normale;Buona;Ore Diurne;1;0;0;1;12.46776;41.88147;-1;1;Autovettura privata;In marcia / fermata / arresto;Conducente;F;Illeso;0;;;
2793821;1;29/04/2016 08:05;Strada Urbana;VIALE DI TRASTEVERE;all'intersezione semaforizzata con;VIA EMILIO MOROSINI;VIA EMILIO MOROSINI;;;Scontro frontale/laterale DX fra veicoli in marcia;Intersezione semaforizzata;Una carreggiata a doppio senso;Asciutto;Asfaltata;Verticale ed orizzontale;Sereno;Normale;Buona;Ore Diurne;1;0;0;1;12.46776;41.88147;-1;2;Motociclo a solo;In marcia / fermata / arresto;Conducente;M;Ricoverato;0;NON DECEDUTO;;
2793841;18;27/04/2016 22:00;Strada Urbana;VIA NAZARETH;in corrispondenza;;del civico n.;35;;Veicolo in marcia contro ostacolo fisso;Rettilineo;Una carreggiata a doppio senso;Asciutto;Asfaltata;Assente;Sereno;Scarso;Sufficiente;Sufficiente;0;0;0;1;12.40644;41.90758;-1;1;Autovettura privata;In marcia / fermata / arresto;Conducente;M;Illeso;0;;Non accertato;
2793851;2;29/04/2016 13:40;Strada Urbana;LUNGOTEVERE SALVO D'ACQUISTO;all'intersezione con;VIA PERU';VIA PERU';;;Scontro frontale/laterale DX fra veicoli in marcia;Incrocio;Una carreggiata a doppio senso;Asciutto;Asfaltata;Orizzontale;Sereno;Normale;Buona;Ore Diurne;1;0;0;1;12.47124;41.93518;-1;1;Motociclo a solo;In marcia / fermata / arresto;Conducente;M;Ricoverato;0;NON DECEDUTO;;
2793851;2;29/04/2016 13:40;Strada Urbana;LUNGOTEVERE SALVO D'ACQUISTO;all'intersezione con;VIA PERU';VIA PERU';;;Scontro frontale/laterale DX fra veicoli in marcia;Incrocio;Una carreggiata a doppio senso;Asciutto;Asfaltata;Orizzontale;Sereno;Normale;Buona;Ore Diurne;1;0;0;1;12.47124;41.93518;-1;2;Autovettura privata;In marcia / fermata / arresto;Conducente;F;Illeso;0;;;
2793854;18;29/04/2016 11:30;Strada Urbana;VIA FRANCESCO AZZURRI;all'intersezione con;VIA TEMISTOCLE CALISTI;VIA TEMISTOCLE CALISTI;;;Scontro frontale/laterale DX fra veicoli in marcia;Incrocio;Una carreggiata a senso unico di marcia;Asciutto;Asfaltata;Verticale ed orizzontale;Sereno;Scarso;Buona;Ore Diurne;0;0;0;2;12.39193;41.90717;-1;1;Autovettura privata;In marcia / fermata / arresto;Conducente;F;Illeso;0;;;
2793854;18;29/04/2016 11:30;Strada Urbana;VIA FRANCESCO AZZURRI;all'intersezione con;VIA TEMISTOCLE CALISTI;VIA TEMISTOCLE CALISTI;;;Scontro frontale/laterale DX fra veicoli in marcia;Incrocio;Una carreggiata a senso unico di marcia;Asciutto;Asfaltata;Verticale ed orizzontale;Sereno;Scarso;Buona;Ore Diurne;0;0;0;2;12.39193;41.90717;-1;2;Autovettura privata;In marcia / fermata / arresto;Conducente;F;Illeso;0;;;
2793876;1;29/04/2016 08:45;Strada Urbana;LUNGOTEVERE RIPA;all'intersezione con;VIA RIPENSE;VIA RIPENSE;;;Tamponamento Multiplo;Intersezione stradale segnalata;Una carreggiata a doppio senso;Bagnato (pioggia);Strada pavimentata dissestata;Temporanea di cantiere;Sereno;Normale;Buona;Ore Diurne;0;0;0;5;12.47885;41.88785;-1;1;Autocarro inferiore 35 q.;In marcia / fermata / arresto;Conducente;M;Illeso;0;;;
2793876;1;29/04/2016 08:45;Strada Urbana;LUNGOTEVERE RIPA;all'intersezione con;VIA RIPENSE;VIA RIPENSE;;;Tamponamento Multiplo;Intersezione stradale segnalata;Una carreggiata a doppio senso;Bagnato (pioggia);Strada pavimentata dissestata;Temporanea di cantiere;Sereno;Normale;Buona;Ore Diurne;0;0;0;5;12.47885;41.88785;-1;2;Autovettura privata;In marcia / fermata / arresto;Conducente;F;Illeso;0;;;
2793876;1;29/04/2016 08:45;Strada Urbana;LUNGOTEVERE RIPA;all'intersezione con;VIA RIPENSE;VIA RIPENSE;;;Tamponamento Multiplo;Intersezione stradale segnalata;Una carreggiata a doppio senso;Bagnato (pioggia);Strada pavimentata dissestata;Temporanea di cantiere;Sereno;Normale;Buona;Ore Diurne;0;0;0;5;12.47885;41.88785;-1;3;Autovettura privata;In marcia / fermata / arresto;Conducente;M;Illeso;0;;;Inesploso
2793876;1;29/04/2016 08:45;Strada Urbana;LUNGOTEVERE RIPA;all'intersezione con;VIA RIPENSE;VIA RIPENSE;;;Tamponamento Multiplo;Intersezione stradale segnalata;Una carreggiata a doppio senso;Bagnato (pioggia);Strada pavimentata dissestata;Temporanea di cantiere;Sereno;Normale;Buona;Ore Diurne;0;0;0;5;12.47885;41.88785;-1;4;Autovettura privata;In marcia / fermata / arresto;Conducente;F;Illeso;0;;;
2793876;1;29/04/2016 08:45;Strada Urbana;LUNGOTEVERE RIPA;all'intersezione con;VIA RIPENSE;VIA RIPENSE;;;Tamponamento Multiplo;Intersezione stradale segnalata;Una carreggiata a doppio senso;Bagnato (pioggia);Strada pavimentata dissestata;Temporanea di cantiere;Sereno;Normale;Buona;Ore Diurne;0;0;0;5;12.47885;41.88785;-1;4;Autovettura privata;In marcia / fermata / arresto;Passeggero;F;Illeso;0;;;
2793901;18;29/04/2016 09:20;Strada Urbana;VIA AURELIA;in prossimità;;del civico n.;439;;Investimento di pedone;Rettilineo;Una carreggiata a doppio senso;Asciutto;Asfaltata;Verticale ed orizzontale;Sereno;Intenso;Buona;Ore Diurne;2;0;0;0;12.4301;41.89818;-1;;;;Pedone;M;Rimandato;0;NON DECEDUTO;;
2793901;18;29/04/2016 09:20;Strada Urbana;VIA AURELIA;in prossimità;;del civico n.;439;;Investimento di pedone;Rettilineo;Una carreggiata a doppio senso;Asciutto;Asfaltata;Verticale ed orizzontale;Sereno;Intenso;Buona;Ore Diurne;2;0;0;0;12.4301;41.89818;-1;1;Motociclo a solo;In marcia / fermata / arresto;Conducente;M;Rimandato;0;NON DECEDUTO;;
2793927;1;28/04/2016 14:50;Strada Urbana;VIA PRINCIPE AMEDEO;in corrispondenza;;del civico n.;285;;Scontro laterale fra veicoli in marcia;Rettilineo;Una carreggiata a senso unico di marcia;Bagnato (pioggia);Asfaltata;Verticale ed orizzontale;Nuvoloso;Intenso;Buona;Ore Diurne;0;0;0;4;12.50651;41.89508;-1;1;Autovettura privata;In marcia / fermata / arresto;Conducente;M;Illeso;0;;Non accertato;
2793927;1;28/04/2016 14:50;Strada Urbana;VIA PRINCIPE AMEDEO;in corrispondenza;;del civico n.;285;;Scontro laterale fra veicoli in marcia;Rettilineo;Una carreggiata a senso unico di marcia;Bagnato (pioggia);Asfaltata;Verticale ed orizzontale;Nuvoloso;Intenso;Buona;Ore Diurne;0;0;0;4;12.50651;41.89508;-1;1;Autovettura privata;In marcia / fermata / arresto;Passeggero;M;Illeso;0;;Non accertato;
2793927;1;28/04/2016 14:50;Strada Urbana;VIA PRINCIPE AMEDEO;in corrispondenza;;del civico n.;285;;Scontro laterale fra veicoli in marcia;Rettilineo;Una carreggiata a senso unico di marcia;Bagnato (pioggia);Asfaltata;Verticale ed orizzontale;Nuvoloso;Intenso;Buona;Ore Diurne;0;0;0;4;12.50651;41.89508;-1;2;Autovettura privata;In marcia / fermata / arresto;Conducente;M;Illeso;0;;Non accertato;
2793927;1;28/04/2016 14:50;Strada Urbana;VIA PRINCIPE AMEDEO;in corrispondenza;;del civico n.;285;;Scontro laterale fra veicoli in marcia;Rettilineo;Una carreggiata a senso unico di marcia;Bagnato (pioggia);Asfaltata;Verticale ed orizzontale;Nuvoloso;Intenso;Buona;Ore Diurne;0;0;0;4;12.50651;41.89508;-1;2;Autovettura privata;In marcia / fermata / arresto;Passeggero;F;Illeso;0;;Non accertato;
2793929;18;29/04/2016 12:45;Strada Urbana;VIA AURELIA;all'intersezione con;VIA AGOSTINO RICHELMY;VIA AGOSTINO RICHELMY;;;Scontro frontale/laterale DX fra veicoli in marcia;Intersezione stradale segnalata;Una carreggiata a doppio senso;Asciutto;Asfaltata;Verticale ed orizzontale;Sereno;Normale;Buona;Ore Diurne;3;0;0;0;12.44242;41.89859;-1;1;Autovettura privata;In marcia / fermata / arresto;Conducente;F;Rimandato;0;NON DECEDUTO;;