Protocollo;Gruppo;DataOraIncidente;Localizzazione1;STRADA1;Localizzazione2;STRADA2;Strada02;Chilometrica;DaSpecificare;NaturaIncidente;particolaritastrade;TipoStrada;FondoStradale;Pavimentazione;Segnaletica;CondizioneAtmosferica;Traffico;Visibilita;Illuminazione;NUM_FERITI;NUM_RISERVATA;NUM_MORTI;NUM_ILLESI;Longitudine;Latitudine;Confermato;Progressivo;TipoVeicolo;StatoVeicolo;TipoPersona;Sesso;Tipolesione;Deceduto;DecedutoDopo;CinturaCascoUtilizzato;Airbag
2794576;13;29/04/2016 18:40;Strada Urbana;VIA FABIANO LANDI;in corrispondenza;;del civico n.;163;;Scontro laterale fra veicoli in marcia;Rettilineo;Una carreggiata a senso unico di marcia;Asciutto;Asfaltata;Assente;Sereno;Intenso;Buona;Ore Diurne;0;0;0;5;12.37605;41.78768;-1;2;Velocipede;In marcia / fermata / arresto;Conducente;M;Illeso;0;;Esente;
2794581;13;29/04/2016 18:30;Strada Urbana;VIALE DEI ROMAGNOLI;all'intersezione con;VIA DELLA VERBENA;VIA DELLA VERBENA;;;Scontro laterale fra veicoli in marcia;Incrocio;Una carreggiata a senso unico di marcia;Asciutto;Asfaltata;Assente;Sereno;Normale;Buona;Ore Diurne;1;0;0;1;12.36254;41.78498;-1;1;Autovettura privata;In marcia / fermata / arresto;Conducente;M;Illeso;0;;;
2794581;13;29/04/2016 18:30;Strada Urbana;VIALE DEI ROMAGNOLI;all'intersezione con;VIA DELLA VERBENA;VIA DELLA VERBENA;;;Scontro laterale fra veicoli in marcia;Incrocio;Una carreggiata a senso unico di marcia;Asciutto;Asfaltata;Assente;Sereno;Normale;Buona;Ore Diurne;1;0;0;1;12.36254;41.78498;-1;2;Velocipede;In marcia / fermata / arresto;Conducente;M;Rimandato;0;NON DECEDUTO;Esente;
2794590;8;29/04/2016 18:00;Strada Urbana;VIA STANFORD;all'intersezione con;VIA MARIO PASTORE;VIA MARIO PASTORE;;;Scontro laterale fra veicoli in marcia;Intersezione stradale segnalata;Una carreggiata a senso unico di marcia;Asciutto;Asfaltata;Verticale ed orizzontale;Sereno;Normale;Buona;Ore Diurne;1;0;0;1;12.60719;41.85034;-1;1;Motociclo a solo;In marcia / fermata / arresto;Conducente;F;Rimandato;0;NON DECEDUTO;Non accertato;
2794590;8;29/04/2016 18:00;Strada Urbana;VIA STANFORD;all'intersezione con;VIA MARIO PASTORE;VIA MARIO PASTORE;;;Scontro laterale fra veicoli in marcia;Intersezione stradale segnalata;Una carreggiata a senso unico di marcia;Asciutto;Asfaltata;Verticale ed orizzontale;Sereno;Normale;Buona;Ore Diurne;1;0;0;1;12.60719;41.85034;-1;2;Autovettura privata;In marcia / fermata / arresto;Conducente;M;Illeso;0;;;
2794592;8;29/04/2016 16:30;Strada Urbana;VIA AMARETTA;all'intersezione con;VIA ENRICO DELL'ACQUA;VIA ENRICO DELL'ACQUA;;;Scontro frontale/laterale SX fra veicoli in marcia;Incrocio;Una carreggiata a senso unico di marcia;Asciutto;Asfaltata;Verticale ed orizzontale;Sereno;Normale;Buona;Ore Diurne;0;0;0;4;12.6486;41.86492;-1;1;Autovettura privata;In marcia / fermata / arresto;Conducente;M;Illeso;0;;Non accertato;Inesploso
2794592;8;29/04/2016 16:30;Strada Urbana;VIA AMARETTA;all'intersezione con;VIA ENRICO DELL'ACQUA;VIA ENRICO DELL'ACQUA;;;Scontro frontale/laterale SX fra veicoli in marcia;Incrocio;Una carreggiata a senso unico di marcia;Asciutto;Asfaltata;Verticale ed orizzontale;Sereno;Normale;Buona;Ore Diurne;0;0;0;4;12.6486;41.86492;-1;1;Autovettura privata;In marcia / fermata / arresto;Passeggero;F;Illeso;0;;Non accertato;Inesistente
2794592;8;29/04/2016 16:30;Strada Urbana;VIA AMARETTA;all'intersezione con;VIA ENRICO DELL'ACQUA;VIA ENRICO DELL'ACQUA;;;Scontro frontale/laterale SX fra veicoli in marcia;Incrocio;Una carreggiata a senso unico di marcia;Asciutto;Asfaltata;Verticale ed orizzontale;Sereno;Normale;Buona;Ore Diurne;0;0;0;4;12.6486;41.86492;-1;1;Autovettura privata;In marcia / fermata / arresto;Passeggero;M;Illeso;0;;Non accertato;Inesistente
2794592;8;29/04/2016 16:30;Strada Urbana;VIA AMARETTA;all'intersezione con;VIA ENRICO DELL'ACQUA;VIA ENRICO DELL'ACQUA;;;Scontro frontale/laterale SX fra veicoli in marcia;Incrocio;Una carreggiata a senso unico di marcia;Asciutto;Asfaltata;Verticale ed orizzontale;Sereno;Normale;Buona;Ore Diurne;0;0;0;4;12.6486;41.86492;-1;2;Autovettura privata;In marcia / fermata / arresto;Conducente;M;Illeso;0;;Non accertato;Inesploso
2794604;8;29/04/2016 17:45;Statale entro l'abitato;VIA CASILINA;in prossimità;;del civico n.;1627;;Scontro frontale/laterale DX fra veicoli in marcia;Rettilineo;Due carreggiate;Asciutto;Asfaltata;Verticale ed orizzontale;Sereno;Normale;Buona;Ore Diurne;0;0;0;2;12.64197;41.86312;-1;1;Autovettura privata;In marcia / fermata / arresto;Conducente;M;Illeso;0;;Non accertato;Inesploso
2794604;8;29/04/2016 17:45;Statale entro l'abitato;VIA CASILINA;in prossimità;;del civico n.;1627;;Scontro frontale/laterale DX fra veicoli in marcia;Rettilineo;Due carreggiate;Asciutto;Asfaltata;Verticale ed orizzontale;Sereno;Normale;Buona;Ore Diurne;0;0;0;2;12.64197;41.86312;-1;2;Autovettura privata;In marcia / fermata / arresto;Conducente;M;Illeso;0;;Non accertato;Inesploso
2794607;8;29/04/2016 08:05;Strada Urbana;VIA DEL FOSSO DELL'OSA;in prossimità;;del civico n.;511;;Tamponamento Multiplo;Rettilineo;Una carreggiata a doppio senso;Asciutto;Asfaltata;Verticale ed orizzontale;Sereno;Intenso;Buona;Ore Diurne;2;0;0;3;12.68128;41.90897;-1;1;Autovettura privata;In marcia / fermata / arresto;Conducente;M;Rifiuta cure immediate;0;NON DECEDUTO;Non accertato;Inesploso
2794607;8;29/04/2016 08:05;Strada Urbana;VIA DEL FOSSO DELL'OSA;in prossimità;;del civico n.;511;;Tamponamento Multiplo;Rettilineo;Una carreggiata a doppio senso;Asciutto;Asfaltata;Verticale ed orizzontale;Sereno;Intenso;Buona;Ore Diurne;2;0;0;3;12.68128;41.90897;-1;2;Autovettura privata;In marcia / fermata / arresto;Conducente;F;Illeso;0;;Non accertato;Inesploso
2794607;8;29/04/2016 08:05;Strada Urbana;VIA DEL FOSSO DELL'OSA;in prossimità;;del civico n.;511;;Tamponamento Multiplo;Rettilineo;Una carreggiata a doppio senso;Asciutto;Asfaltata;Verticale ed orizzontale;Sereno;Intenso;Buona;Ore Diurne;2;0;0;3;12.68128;41.90897;-1;3;Autovettura privata;In marcia / fermata / arresto;Conducente;F;Rifiuta cure immediate;0;NON DECEDUTO;Non accertato;Inesploso
2794607;8;29/04/2016 08:05;Strada Urbana;VIA DEL FOSSO DELL'OSA;in prossimità;;del civico n.;511;;Tamponamento Multiplo;Rettilineo;Una carreggiata a doppio senso;Asciutto;Asfaltata;Verticale ed orizzontale;Sereno;Intenso;Buona;Ore Diurne;2;0;0;3;12.68128;41.90897;-1;3;Autovettura privata;In marcia / fermata / arresto;Passeggero;F;Illeso;0;;Non accertato;Inesploso
2794607;8;29/04/2016 08:05;Strada Urbana;VIA DEL FOSSO DELL'OSA;in prossimità;;del civico n.;511;;Tamponamento Multiplo;Rettilineo;Una carreggiata a doppio senso;Asciutto;Asfaltata;Verticale ed orizzontale;Sereno;Intenso;Buona;Ore Diurne;2;0;0;3;12.68128;41.90897;-1;4;Autovettura privata;In marcia / fermata / arresto;Conducente;M;Illeso;0;;Non accertato;Inesploso
2794609;8;29/04/2016 12:30;Strada Urbana;VIA BORGHESIANA;in prossimità;;del palo luce n.;72;;Tamponamento Multiplo;Rettilineo;Una carreggiata a doppio senso;Asciutto;Asfaltata;Verticale ed orizzontale;Sereno;Normale;Buona;Ore Diurne;3;0;0;1;12.67235;41.87651;-1;1;Autovettura privata;In marcia / fermata / arresto;Conducente;M;Rifiuta cure immediate;0;NON DECEDUTO;Non accertato;Inesploso
2794609;8;29/04/2016 12:30;Strada Urbana;VIA BORGHESIANA;in prossimità;;del palo luce n.;72;;Tamponamento Multiplo;Rettilineo;Una carreggiata a doppio senso;Asciutto;Asfaltata;Verticale ed orizzontale;Sereno;Normale;Buona;Ore Diurne;3;0;0;1;12.67235;41.87651;-1;1;Autovettura privata;In marcia / fermata / arresto;Passeggero;M;Rifiuta cure immediate;0;NON DECEDUTO;Non accertato;Inesploso
2794609;8;29/04/2016 12:30;Strada Urbana;VIA BORGHESIANA;in prossimità;;del palo luce n.;72;;Tamponamento Multiplo;Rettilineo;Una carreggiata a doppio senso;Asciutto;Asfaltata;Verticale ed orizzontale;Sereno;Normale;Buona;Ore Diurne;3;0;0;1;12.67235;41.87651;-1;2;Autocarro inferiore 35 q.;In marcia / fermata / arresto;Conducente;M;Illeso;0;;Non accertato;Inesploso
2794609;8;29/04/2016 12:30;Strada Urbana;VIA BORGHESIANA;in prossimità;;del palo luce n.;72;;Tamponamento Multiplo;Rettilineo;Una carreggiata a doppio senso;Asciutto;Asfaltata;Verticale ed orizzontale;Sereno;Normale;Buona;Ore Diurne;3;0;0;1;12.67235;41.87651;-1;3;Autovettura privata;In marcia / fermata / arresto;Conducente;M;Rimandato;0;NON DECEDUTO;Non accertato;Inesploso
2794610;20;29/04/2016 18:00;Strada Urbana;VIA TIBERINA;all'intersezione con;VIA CELANO;VIA CELANO;;;Scontro frontale/laterale SX fra veicoli in marcia;Intersezione stradale segnalata;Una carreggiata a doppio senso;Asciutto;Asfaltata;Orizzontale;Sereno;Normale;Buona;Ore Diurne;1;0;0;1;12.50376;42.015;-1;1;Autovettura privata;In marcia / fermata / arresto;Conducente;M;Illeso;0;;;
2794610;20;29/04/2016 18:00;Strada Urbana;VIA TIBERINA;all'intersezione con;VIA CELANO;VIA CELANO;;;Scontro frontale/laterale SX fra veicoli in marcia;Intersezione stradale segnalata;Una carreggiata a doppio senso;Asciutto;Asfaltata;Orizzontale;Sereno;Normale;Buona;Ore Diurne;1;0;0;1;12.50376;42.015;-1;2;Motociclo a solo;In marcia / fermata / arresto;Conducente;M;Rimandato;0;NON DECEDUTO;;
2794611;8;29/04/2016 15:45;Strada Urbana;VIA SICULIANA;in prossimità;;del civico n.;79;;Scontro laterale fra veicoli in marcia;Rettilineo;Una carreggiata a doppio senso;Asciutto;Asfaltata;Verticale;Sereno;Normale;Buona;Ore Diurne;0;0;0;3;12.65633;41.8691;-1;1;Autovettura privata;In marcia / fermata / arresto;Conducente;F;Illeso;0;;Non accertato;Inesploso
2794611;8;29/04/2016 15:45;Strada Urbana;VIA SICULIANA;in prossimità;;del civico n.;79;;Scontro laterale fra veicoli in marcia;Rettilineo;Una carreggiata a doppio senso;Asciutto;Asfaltata;Verticale;Sereno;Normale;Buona;Ore Diurne;0;0;0;3;12.65633;41.8691;-1;1;Autovettura privata;In marcia / fermata / arresto;Passeggero;F;Illeso;0;;Non accertato;Inesploso
2794611;8;29/04/2016 15:45;Strada Urbana;VIA SICULIANA;in prossimità;;del civico n.;79;;Scontro laterale fra veicoli in marcia;Rettilineo;Una carreggiata a doppio senso;Asciutto;Asfaltata;Verticale;Sereno;Normale;Buona;Ore Diurne;0;0;0;3;12.65633;41.8691;-1;2;Autovettura privata;In marcia / fermata / arresto;Conducente;M;Illeso;0;;Non accertato;Inesploso
2794617;6;28/04/2016 09:15;Strada Urbana;VIA CASILINA;in prossimità;;del civico n.;386;;Veicolo in marcia contro ostacolo accidentale;Rettilineo;Due carreggiate;Asciutto;Asfaltata;Verticale ed orizzontale;Sereno;Normale;Buona;Ore Diurne;0;0;0;2;12.54166;41.88023;-1;1;Autocarro inferiore 35 q.;In marcia / fermata / arresto;Conducente;M;Illeso;0;;Non accertato;Inesploso
2794617;6;28/04/2016 09:15;Strada Urbana;VIA CASILINA;in prossimità;;del civico n.;386;;Veicolo in marcia contro ostacolo accidentale;Rettilineo;Due carreggiate;Asciutto;Asfaltata;Verticale ed orizzontale;Sereno;Normale;Buona;Ore Diurne;0;0;0;2;12.54166;41.88023;-1;1;Autocarro inferiore 35 q.;In marcia / fermata / arresto;Passeggero;M;Illeso;0;;Non accertato;Inesploso
2794619;23;28/04/2016 09:25;Strada Urbana;VIA ERMANNO WOLF FERRARI;da specificare;;;;altezza entrata distributore ESSO;Scontro frontale/laterale DX fra veicoli in marcia;Rettilineo;Una carreggiata a doppio senso;Asciutto;Asfaltata;Verticale ed orizzontale;Nuvoloso;Intenso;Buona;Ore Diurne;0;0;0;2;12.37794;41.74817;-1;1;Autovettura privata;In marcia / fermata / arresto;Conducente;F;Illeso;0;;Utilizzato;Esploso
2794619;23;28/04/2016 09:25;Strada Urbana;VIA ERMANNO WOLF FERRARI;da specificare;;;;altezza entrata distributore ESSO;Scontro frontale/laterale DX fra veicoli in marcia;Rettilineo;Una carreggiata a doppio senso;Asciutto;Asfaltata;Verticale ed orizzontale;Nuvoloso;Intenso;Buona;Ore Diurne;0;0;0;2;12.37794;41.74817;-1;2;Autovettura privata;In marcia / fermata / arresto;Conducente;M;Illeso;0;;Non accertato;Inesploso
2794662;20;29/04/2016 19:30;Provinciale entro l'abitato;VIA ANGUILLARESE;in corrispondenza;;del civico n.;209;;Scontro frontale fra veicoli in marcia;Rettilineo;Una carreggiata a doppio senso;Asciutto;Asfaltata;Verticale ed orizzontale;Sereno;Scarso;Buona;Ore Diurne;0;0;0;2;12.30892;42.03914;-1;1;Autovettura privata;In marcia / fermata / arresto;Conducente;M;Illeso;0;;;
2794662;20;29/04/2016 19:30;Provinciale entro l'abitato;VIA ANGUILLARESE;in corrispondenza;;del civico n.;209;;Scontro frontale fra veicoli in marcia;Rettilineo;Una carreggiata a doppio senso;Asciutto;Asfaltata;Verticale ed orizzontale;Sereno;Scarso;Buona;Ore Diurne;0;0;0;2;12.30892;42.03914;-1;2;Autovettura privata;In marcia / fermata / arresto;Conducente;M;Illeso;0;;;
2794684;20;29/04/2016 20:00;Provinciale entro l'abitato;VIA ANGUILLARESE;in corrispondenza;;del civico n.;209;;Ribaltamento senza urto contro ostacolo fisso;Rettilineo;Una carreggiata a doppio senso;Asciutto;Asfaltata;Verticale ed orizzontale;Sereno;Scarso;Buona;Ore Diurne;0;0;0;1;12.30892;42.03914;-1;1;Autovettura privata;In marcia / fermata / arresto;Conducente;M;Illeso;0;;;
2794724;2;30/04/2016 05:10;Strada Urbana;VIA ETTORE XIMENES;in prossimità;;del civico n.;8/A;;Veicolo in marcia contro veicoli in sosta;Rettilineo;Una carreggiata a senso unico di marcia;Asciutto;Asfaltata;Verticale ed orizzontale;Sereno;Scarso;Sufficiente;Sufficiente;0;0;0;1;12.47649;41.92472;-1;1;Autovettura privata;Allontanatosi;Conducente;F;Illeso;0;;Non accertato;Inesploso
2794770;13;30/04/2016 08:15;Strada Urbana;VIA CARLO MARENCO DI MORIONDO;all'intersezione con;VIA DELLE AZZORRE;VIA DELLE AZZORRE;;;Scontro frontale/laterale SX fra veicoli in marcia;Incrocio;Una carreggiata a doppio senso;Asciutto;Asfaltata;Verticale;Sereno;Normale;Buona;Ore Diurne;1;0;0;1;12.27382;41.74137;-1;1;Autovettura privata;In marcia / fermata / arresto;Conducente;M;Rimandato;0;NON DECEDUTO;;Inesploso
2794770;13;30/04/2016 08:15;Strada Urbana;VIA CARLO MARENCO DI MORIONDO;all'intersezione con;VIA DELLE AZZORRE;VIA DELLE AZZORRE;;;Scontro frontale/laterale SX fra veicoli in marcia;Incrocio;Una carreggiata a doppio senso;Asciutto;Asfaltata;Verticale;Sereno;Normale;Buona;Ore Diurne;1;0;0;1;12.27382;41.74137;-1;2;Autovettura privata;In marcia / fermata / arresto;Conducente;M;Illeso;0;;;
2794785;18;29/04/2016 16:35;Strada Urbana;VIA S. GIOVANNI DELLA CROCE;all'intersezione con;VIA MONTE CARMELO;VIA MONTE CARMELO;;;Scontro frontale/laterale SX fra veicoli in marcia;Incrocio;Una carreggiata a doppio senso;Asciutto;Asfaltata;Assente;Sereno;Scarso;Buona;Ore Diurne;0;0;0;6;12.40978;41.89997;-1;1;Autovettura privata;In marcia / fermata / arresto;Conducente;F;Illeso;0;;;
2794785;18;29/04/2016 16:35;Strada Urbana;VIA S. GIOVANNI DELLA CROCE;all'intersezione con;VIA MONTE CARMELO;VIA MONTE CARMELO;;;Scontro frontale/laterale SX fra veicoli in marcia;Incrocio;Una carreggiata a doppio senso;Asciutto;Asfaltata;Assente;Sereno;Scarso;Buona;Ore Diurne;0;0;0;6;12.40978;41.89997;-1;1;Autovettura privata;In marcia / fermata / arresto;Passeggero;F;Illeso;0;;;
2794785;18;29/04/2016 16:35;Strada Urbana;VIA S. GIOVANNI DELLA CROCE;all'intersezione con;VIA MONTE CARMELO;VIA MONTE CARMELO;;;Scontro frontale/laterale SX fra veicoli in marcia;Incrocio;Una carreggiata a doppio senso;Asciutto;Asfaltata;Assente;Sereno;Scarso;Buona;Ore Diurne;0;0;0;6;12.40978;41.89997;-1;1;Autovettura privata;In marcia / fermata / arresto;Passeggero;F;Illeso;0;;;
2794785;18;29/04/2016 16:35;Strada Urbana;VIA S. GIOVANNI DELLA CROCE;all'intersezione con;VIA MONTE CARMELO;VIA MONTE CARMELO;;;Scontro frontale/laterale SX fra veicoli in marcia;Incrocio;Una carreggiata a doppio senso;Asciutto;Asfaltata;Assente;Sereno;Scarso;Buona;Ore Diurne;0;0;0;6;12.40978;41.89997;-1;2;Autovettura privata;In marcia / fermata / arresto;Conducente;M;Illeso;0;;;
2794785;18;29/04/2016 16:35;Strada Urbana;VIA S. GIOVANNI DELLA CROCE;all'intersezione con;VIA MONTE CARMELO;VIA MONTE CARMELO;;;Scontro frontale/laterale SX fra veicoli in marcia;Incrocio;Una carreggiata a doppio senso;Asciutto;Asfaltata;Assente;Sereno;Scarso;Buona;Ore Diurne;0;0;0;6;12.40978;41.89997;-1;2;Autovettura privata;In marcia / fermata / arresto;Passeggero;M;Illeso;0;;;
2794785;18;29/04/2016 16:35;Strada Urbana;VIA S. GIOVANNI DELLA CROCE;all'intersezione con;VIA MONTE CARMELO;VIA MONTE CARMELO;;;Scontro frontale/laterale SX fra veicoli in marcia;Incrocio;Una carreggiata a doppio senso;Asciutto;Asfaltata;Assente;Sereno;Scarso;Buona;Ore Diurne;0;0;0;6;12.40978;41.89997;-1;2;Autovettura privata;In marcia / fermata / arresto;Passeggero;M;Illeso;0;;;
2794817;2;29/04/2016 21:20;Strada Urbana;VIALE CARNARO;in prossimità;;del civico n.;18;;Scontro frontale/laterale SX fra veicoli in marcia;Rettilineo;Una carreggiata a senso unico di marcia;Asciutto;Asfaltata;Orizzontale;Sereno;Scarso;Buona;Sufficiente;0;0;0;2;12.53245;41.93975;-1;1;Motociclo a solo;In marcia / fermata / arresto;Conducente;M;Illeso;0;;Non accertato;
2794817;2;29/04/2016 21:20;Strada Urbana;VIALE CARNARO;in prossimità;;del civico n.;18;;Scontro frontale/laterale SX fra veicoli in marcia;Rettilineo;Una carreggiata a senso unico di marcia;Asciutto;Asfaltata;Orizzontale;Sereno;Scarso;Buona;Sufficiente;0;0;0;2;12.53245;41.93975;-1;2;Motociclo a solo;In marcia / fermata / arresto;Conducente;M;Illeso;0;;Non accertato;
2794820;18;29/04/2016 19:00;Strada Urbana;VIA DELLA CAVA AURELIA;in prossimità;;del civico n.;159;;Veicolo in marcia contro veicolo fermo;Rettilineo;Una carreggiata a doppio senso;Asciutto;Asfaltata;Assente;Sereno;Normale;Buona;Sufficiente;0;0;0;2;12.45059;41.89469;-1;1;Autocarro inferiore 35 q.;In marcia / fermata / arresto;Conducente;M;Illeso;0;;;
2794820;18;29/04/2016 19:00;Strada Urbana;VIA DELLA CAVA AURELIA;in prossimità;;del civico n.;159;;Veicolo in marcia contro veicolo fermo;Rettilineo;Una carreggiata a doppio senso;Asciutto;Asfaltata;Assente;Sereno;Normale;Buona;Sufficiente;0;0;0;2;12.45059;41.89469;-1;2;Autovettura privata;In marcia / fermata / arresto;Conducente;M;Illeso;0;;;
2794829;18;30/04/2016 01:00;Strada Urbana;VIA CORNELIA;all'intersezione con;VIA ENRICO BONDI;VIA ENRICO BONDI;;;Scontro frontale/laterale SX fra veicoli in marcia;Intersezione stradale segnalata;Una carreggiata a doppio senso;Asciutto;Asfaltata;Verticale ed orizzontale;Sereno;Scarso;Sufficiente;Sufficiente;0;0;0;2;12.39231;41.90523;-1;1;Autovettura privata;In marcia / fermata / arresto;Conducente;M;Illeso;0;;Non accertato;Inesploso
2794829;18;30/04/2016 01:00;Strada Urbana;VIA CORNELIA;all'intersezione con;VIA ENRICO BONDI;VIA ENRICO BONDI;;;Scontro frontale/laterale SX fra veicoli in marcia;Intersezione stradale segnalata;Una carreggiata a doppio senso;Asciutto;Asfaltata;Verticale ed orizzontale;Sereno;Scarso;Sufficiente;Sufficiente;0;0;0;2;12.39231;41.90523;-1;2;Autovettura privata;In marcia / fermata / arresto;Conducente;F;Illeso;0;;Non accertato;Inesploso
2794832;13;30/04/2016 09:20;Strada Urbana;VIALE DEI PROMONTORI;da specificare;;;;altezza Via Capo Colonne;Scontro frontale/laterale DX fra veicoli in marcia;Rettilineo;Una carreggiata a doppio senso;Asciutto;Asfaltata;Verticale ed orizzontale;Sereno;Normale;Buona;Ore Diurne;0;0;0;2;12.29661;41.73603;-1;1;Autovettura privata;In marcia / fermata / arresto;Conducente;F;Illeso;0;;;Inesploso
2794832;13;30/04/2016 09:20;Strada Urbana;VIALE DEI PROMONTORI;da specificare;;;;altezza Via Capo Colonne;Scontro frontale/laterale DX fra veicoli in marcia;Rettilineo;Una carreggiata a doppio senso;Asciutto;Asfaltata;Verticale ed orizzontale;Sereno;Normale;Buona;Ore Diurne;0;0;0;2;12.29661;41.73603;-1;2;Autovettura privata;In marcia / fermata / arresto;Conducente;F;Illeso;0;;;
2794843;2;29/04/2016 21:40;Strada Urbana;LARGO GIULIO ONESTI;in prossimità;;del civico n.;1;;Veicolo in marcia contro ostacolo fisso;Rettilineo;Una carreggiata a doppio senso;Asciutto;Asfaltata;Verticale ed orizzontale;Sereno;Normale;Buona;Insufficiente;1;0;0;1;12.49138;41.93729;-1;1;Autovettura privata;In marcia / fermata / arresto;Conducente;F;Rimandato;0;NON DECEDUTO;Utilizzato;Esploso
2794843;2;29/04/2016 21:40;Strada Urbana;LARGO GIULIO ONESTI;in prossimità;;del civico n.;1;;Veicolo in marcia contro ostacolo fisso;Rettilineo;Una carreggiata a doppio senso;Asciutto;Asfaltata;Verticale ed orizzontale;Sereno;Normale;Buona;Insufficiente;1;0;0;1;12.49138;41.93729;-1;1;Autovettura privata;In marcia / fermata / arresto;Passeggero;F;Illeso;0;;Non accertato;Inesploso
2794853;18;30/04/2016 07:50;Strada Urbana;VIA CORNELIA;all'intersezione con;VIA ALESSANDRO NERONI;VIA ALESSANDRO NERONI;;;Veicolo in marcia contro ostacolo fisso;Incrocio;Una carreggiata a doppio senso;Asciutto;Asfaltata;Verticale ed orizzontale;Sereno;Scarso;Buona;Ore Diurne;0;0;0;1;12.38983;41.90048;-1;1;Autovettura privata;In marcia / fermata / arresto;Conducente;M;Illeso;0;;;
2794883;16;29/04/2016 11:45;Strada Urbana;PIAZZA CARLO FORLANINI;all'intersezione con;VIA BERNARDINO RAMAZZINI;VIA BERNARDINO RAMAZZINI;;;Scontro laterale fra veicoli in marcia;Incrocio;Una carreggiata a doppio senso;Asciutto;Asfaltata;Verticale ed orizzontale;Sereno;Normale;Buona;Ore Diurne;1;0;0;1;12.44961;41.86624;-1;1;Motociclo a solo;In marcia / fermata / arresto;Conducente;M;Ricoverato;0;NON DECEDUTO;Non accertato;
2794883;16;29/04/2016 11:45;Strada Urbana;PIAZZA CARLO FORLANINI;all'intersezione con;VIA BERNARDINO RAMAZZINI;VIA BERNARDINO RAMAZZINI;;;Scontro laterale fra veicoli in marcia;Incrocio;Una carreggiata a doppio senso;Asciutto;Asfaltata;Verticale ed orizzontale;Sereno;Normale;Buona;Ore Diurne;1;0;0;1;12.44961;41.86624;-1;2;Autovettura privata;In marcia / fermata / arresto;Conducente;F;Illeso;0;;Non accertato;Inesploso
2794888;20;30/04/2016 12:00;Strada Urbana;CORSO DI FRANCIA;in prossimità;;del civico n.;212;;Scontro frontale/laterale SX fra veicoli in marcia;Curva a visuale libera;Più di due carreggiate;Asciutto;Asfaltata;Verticale ed orizzontale;Nuvoloso;Normale;Buona;Ore Diurne;0;0;0;2;12.46927;41.94492;-1;1;Autovettura privata;In marcia / fermata / arresto;Conducente;M;Illeso;0;;Non accertato;Inesploso
2794888;20;30/04/2016 12:00;Strada Urbana;CORSO DI FRANCIA;in prossimità;;del civico n.;212;;Scontro frontale/laterale SX fra veicoli in marcia;Curva a visuale libera;Più di due carreggiate;Asciutto;Asfaltata;Verticale ed orizzontale;Nuvoloso;Normale;Buona;Ore Diurne;0;0;0;2;12.46927;41.94492;-1;2;Autovettura privata;In marcia / fermata / arresto;Conducente;F;Illeso;0;;Non accertato;Inesploso
2794919;19;30/04/2016 10:40;Strada Urbana;VIA DELLA VALLE DEI FONTANILI;in prossimità;;del civico n.;11;;Tamponamento Multiplo;Rettilineo;Una carreggiata a doppio senso;Asciutto;Asfaltata;Verticale ed orizzontale;Sereno;Intenso;Buona;Ore Diurne;0;0;0;5;12.41179;41.92305;-1;1;Autovettura privata;In marcia / fermata / arresto;Conducente;M;Illeso;0;;Non accertato;Inesploso
2794919;19;30/04/2016 10:40;Strada Urbana;VIA DELLA VALLE DEI FONTANILI;in prossimità;;del civico n.;11;;Tamponamento Multiplo;Rettilineo;Una carreggiata a doppio senso;Asciutto;Asfaltata;Verticale ed orizzontale;Sereno;Intenso;Buona;Ore Diurne;0;0;0;5;12.41179;41.92305;-1;1;Autovettura privata;In marcia / fermata / arresto;Passeggero;M;Illeso;0;;Non accertato;Inesploso
2794919;19;30/04/2016 10:40;Strada Urbana;VIA DELLA VALLE DEI FONTANILI;in prossimità;;del civico n.;11;;Tamponamento Multiplo;Rettilineo;Una carreggiata a doppio senso;Asciutto;Asfaltata;Verticale ed orizzontale;Sereno;Intenso;Buona;Ore Diurne;0;0;0;5;12.41179;41.92305;-1;2;Autovettura privata;In marcia / fermata / arresto;Conducente;M;Illeso;0;;Non accertato;Inesploso
2794919;19;30/04/2016 10:40;Strada Urbana;VIA DELLA VALLE DEI FONTANILI;in prossimità;;del civico n.;11;;Tamponamento Multiplo;Rettilineo;Una carreggiata a doppio senso;Asciutto;Asfaltata;Verticale ed orizzontale;Sereno;Intenso;Buona;Ore Diurne;0;0;0;5;12.41179;41.92305;-1;2;Autovettura privata;In marcia / fermata / arresto;Passeggero;M;Illeso;0;;Non accertato;Inesploso
2794919;19;30/04/2016 10:40;Strada Urbana;VIA DELLA VALLE DEI FONTANILI;in prossimità;;del civico n.;11;;Tamponamento Multiplo;Rettilineo;Una carreggiata a doppio senso;Asciutto;Asfaltata;Verticale ed orizzontale;Sereno;Intenso;Buona;Ore Diurne;0;0;0;5;12.41179;41.92305;-1;3;Autovettura privata;In marcia / fermata / arresto;Conducente;M;Illeso;0;;Non accertato;Inesploso
2794931;1;05/04/2016 14:03;Strada Urbana;VIA PRINCIPE AMEDEO;in prossimità;;del civico n.;297;;Veicolo in marcia contro veicoli in sosta;Rettilineo;Una carreggiata a senso unico di marcia;Asciutto;Asfaltata;Verticale ed orizzontale;Sereno;Normale;Buona;Ore Diurne;0;0;0;1;12.5067;41.8949;-1;2;Macchina operatrice;In marcia / fermata / arresto;Conducente;M;Illeso;0;;;